,ID,TITLE,PRICE,PRICE PER SQ. M.,BEDROOMS,BATHROOMS,SIZE,POOL,URL,IMG,NEW BUILD,*ROOMS*,*KITCHEN*,*BATHROOM*,*GARDEN*,*OUTSIDE*,*HEATING*,*POOL*,*BUILDINGS*,*TENURE*,*UTILITIES*,*ENERGY CONSUMPTION RATING*,*SECURITY*,*PARKING*,*PLOT SIZE*,*LEISURE*,*VIEWS*,*QUALITY*,LAT,LON
0,5460821,2 bedroom Apartment for sale in Malaga,365000.0,4740.25974025974,2,2,77,True,https://www.kyero.com/en/property/5460821,http://production.kyero.s3.amazonaws.com/5460/5460821/72890267_original.jpg,True,"utility room, store room",fitted kitchen,en suite bathroom,,terrace,air conditioning,communal pool,,,adsl,Awaiting details,gated complex,underground parking,,,,"immaculate condition, newly built",36.719623,-4.420023
1,5460803,4 bedroom Apartment for sale in Malaga,339000.0,2511.1111111111113,4,2,135,True,https://www.kyero.com/en/property/5460803,http://production.kyero.s3.amazonaws.com/5460/5460803/72890102_original.jpg,True,"utility room, store room",fitted kitchen,en suite bathroom,community garden,terrace,air conditioning,communal pool,,,adsl,Awaiting details,gated complex,underground parking,,,mountain views,"immaculate condition, newly built, new development",36.719623,-4.420023
2,5460820,2 bedroom Apartment for sale in Malaga,309000.0,3551.7241379310344,2,2,87,True,https://www.kyero.com/en/property/5460820,http://production.kyero.s3.amazonaws.com/5460/5460820/72890260_original.jpg,True,"utility room, store room",fitted kitchen,en suite bathroom,,terrace,air conditioning,communal pool,,,adsl,Awaiting details,gated complex,underground parking,,,,"immaculate condition, newly built",36.719623,-4.420023
3,5363194,2 bedroom Apartment for sale in Malaga,266000.0,3546.6666666666665,2,1,75,True,https://www.kyero.com/en/property/5363194,http://production.kyero.s3.amazonaws.com/5363/5363194/68989953_original.jpg,True,,fitted kitchen,,community garden,"terrace, covered terrace, barbecue",,communal pool,,,"electricity, adsl",Awaiting details,electronic entry system,parking,,,,"immaculate condition, newly built",36.719623,-4.420023
4,4438626,3 bedroom Apartment for sale in Malaga,1090000.0,6264.367816091954,3,2,174,False,https://www.kyero.com/en/property/4438626,http://production.kyero.s3.amazonaws.com/4438/4438626/51146487_original.jpg,True,,,newly fitted bathroom,,,"air conditioning, floor heating",,,,,Awaiting details,,,,,,"immaculate condition, well presented, tastefully decorated, renovated, built to high standards, spacious accommodation, stylish accommodation, charming property, full of character, many special features, quality residence, modern",36.719623,-4.420023
5,5159693,2 bedroom Apartment for sale in Malaga,266000.0,3546.6666666666665,2,1,75,True,https://www.kyero.com/en/property/5159693,http://production.kyero.s3.amazonaws.com/5159/5159693/68864350_original.jpg,True,,fitted kitchen,,community garden,"terrace, covered terrace, barbecue",,communal pool,,,"electricity, adsl",Awaiting details,electronic entry system,parking,,,,"immaculate condition, newly built",36.719623,-4.420023
6,5308467,4 bedroom Apartment for sale in Malaga,402000.0,2284.090909090909,4,3,176,True,https://www.kyero.com/en/property/5308467,http://production.kyero.s3.amazonaws.com/5308/5308467/73039630_original.jpg,True,"utility room, store room",fitted kitchen,,,terrace,air conditioning,communal pool,,,,Awaiting details,gated complex,underground parking,,gymnasium,,"immaculate condition, newly built, new development",36.719623,-4.420023
7,5437805,3 bedroom Apartment for sale in Malaga,235400.0,2615.5555555555557,3,3,90,True,https://www.kyero.com/en/property/5437805,http://production.kyero.s3.amazonaws.com/5437/5437805/70980949_original.jpg,True,,,,,,,,,,,Awaiting details,,,,,,,36.719623,-4.420023
8,4427021,2 bedroom Apartment for sale in Malaga,309000.0,3121.212121212121,2,1,99,False,https://www.kyero.com/en/property/4427021,http://production.kyero.s3.amazonaws.com/4427/4427021/51154059_original.jpg,True,,,,,,,,,,,Awaiting details,,,,,,,36.719623,-4.420023
9,5343631,18 bedroom Land for sale in Malaga,250000.0,,18,18,,False,https://www.kyero.com/en/property/5343631,http://production.kyero.s3.amazonaws.com/5343/5343631/mcqga7wqnsa_0001.jpg,True,,,,,,,,,,,Awaiting details,,,,,,,36.719623,-4.420023
10,4025613,4 bedroom Villa for sale in Malaga,895000.0,3442.3076923076924,4,3,260,True,https://www.kyero.com/en/property/4025613,http://production.kyero.s3.amazonaws.com/4025/4025613/hv9xz0aqndevbgok_gallery_grande_01.jpg,True,,,,,,,,,,,Awaiting details,,,780 m²,,,,36.719623,-4.420023
11,5308367,2 bedroom Apartment for sale in Malaga,365500.0,4809.210526315789,2,2,76,False,https://www.kyero.com/en/property/5308367,http://production.kyero.s3.amazonaws.com/5308/5308367/71200692_original.jpg,True,store room,fitted kitchen,,community garden,terrace,air conditioning,,,,"electricity, water",Awaiting details,,underground parking,,,,"immaculate condition, newly built, new development",36.719623,-4.420023
12,5308366,2 bedroom Apartment for sale in Malaga,309000.0,3593.0232558139537,2,1,86,False,https://www.kyero.com/en/property/5308366,http://production.kyero.s3.amazonaws.com/5308/5308366/71200685_original.jpg,True,store room,fitted kitchen,,community garden,terrace,air conditioning,,,,"electricity, water",Awaiting details,,underground parking,,,,"immaculate condition, newly built, new development",36.719623,-4.420023
13,5308368,2 bedroom Penthouse for sale in Malaga,377000.0,5026.666666666667,2,2,75,False,https://www.kyero.com/en/property/5308368,http://production.kyero.s3.amazonaws.com/5308/5308368/71200699_original.jpg,True,store room,fitted kitchen,,community garden,terrace,air conditioning,,,,"electricity, water",Awaiting details,,underground parking,,,,"immaculate condition, newly built, new development",36.719623,-4.420023
14,5060471,4 bedroom Apartment for sale in Malaga,3700000.0,6571.936056838366,4,4,563,True,https://www.kyero.com/en/property/5060471,http://production.kyero.s3.amazonaws.com/5060/5060471/62372417_original.jpg,True,wine cellar,,,,,underfloor heating throughout,,,,,Awaiting details,24h security system,garage,741 m²,,,,36.719623,-4.420023
15,4645503,3 bedroom Apartment for sale in Malaga,225000.0,,3,,,True,https://www.kyero.com/en/property/4645503,http://production.kyero.s3.amazonaws.com/4645/4645503/54704998_original.jpg,True,,,,garden,,,,,,,Awaiting details,,garage,,,,,36.719623,-4.420023
16,4645506,3 bedroom Apartment for sale in Malaga,195000.0,,3,,,False,https://www.kyero.com/en/property/4645506,http://production.kyero.s3.amazonaws.com/4645/4645506/54705079_original.jpg,True,,,,,terrace,,communal pool,,,,Awaiting details,,parking,,,sea views,spacious accommodation,36.719623,-4.420023
17,5222302,1 bedroom Apartment for sale in Malaga,266000.0,5911.111111111111,1,,45,True,https://www.kyero.com/en/property/5222302,http://production.kyero.s3.amazonaws.com/5222/5222302/65928212_original.jpg,True,,,,,,,,,,,Awaiting details,,,,,,,36.7118402484,-4.4282269487
18,5232353,4 bedroom Penthouse for sale in Malaga,507000.0,3054.2168674698796,4,3,166,True,https://www.kyero.com/en/property/5232353,http://production.kyero.s3.amazonaws.com/5232/5232353/70953107_original.jpg,True,"utility room, store room",fitted kitchen,,,terrace,air conditioning,communal pool,,,,Awaiting details,gated complex,underground parking,,gymnasium,,"immaculate condition, newly built, new development",36.719623,-4.420023
19,4645500,3 bedroom Apartment for sale in Malaga,154500.0,,3,,,False,https://www.kyero.com/en/property/4645500,http://production.kyero.s3.amazonaws.com/4645/4645500/54704936_original.jpg,True,reception with fireplace,,,,,,,,,,Awaiting details,,underground parking,,,,"newly built, spacious accommodation",36.719623,-4.420023
20,4645504,2 bedroom Apartment for sale in Malaga,159000.0,,2,,,False,https://www.kyero.com/en/property/4645504,http://production.kyero.s3.amazonaws.com/4645/4645504/54705018_original.jpg,True,reception with fireplace,,,,,,,,,,Awaiting details,gated complex,,,,,,36.719623,-4.420023
21,4645505,2 bedroom Apartment for sale in Malaga,270000.0,,2,,,False,https://www.kyero.com/en/property/4645505,http://production.kyero.s3.amazonaws.com/4645/4645505/54705052_original.jpg,True,,,,,"various terraces, sunny terraces",,,,,,Awaiting details,security system,underground parking,,tennis court,,,36.719623,-4.420023
22,5103900,2 bedroom Apartment for sale in Malaga,365500.0,5297.101449275362,2,,69,True,https://www.kyero.com/en/property/5103900,http://production.kyero.s3.amazonaws.com/5103/5103900/63269891_original.jpg,True,,,,,terrace,,,,,,Awaiting details,,,,,,,36.7118402484,-4.4282269487
23,4645495,3 bedroom Apartment for sale in Malaga,126900.0,,3,,,False,https://www.kyero.com/en/property/4645495,http://production.kyero.s3.amazonaws.com/4645/4645495/54704836_original.jpg,True,store room,,,,various terraces,,,,,,Awaiting details,,underground parking,,,,,36.719623,-4.420023
24,4920035,2 bedroom Apartment for sale in Malaga,309000.0,3551.7241379310344,2,,87,True,https://www.kyero.com/en/property/4920035,http://production.kyero.s3.amazonaws.com/4920/4920035/69649705_original.jpg,True,,,,,terrace,,,,,,Awaiting details,,,,,,,36.7118402484,-4.4282269487
25,4763351,3 bedroom Apartment for sale in Malaga,1350000.0,7894.736842105263,3,3,171,True,https://www.kyero.com/en/property/4763351,http://production.kyero.s3.amazonaws.com/4763/4763351/62223926_original.jpg,True,,fitted kitchen,,,"terrace, roof terrace",air conditioning,,,,,Awaiting details,,,,,,"refurbished, part renovated",36.721192182489,-4.4182178378105
26,4645508,3 bedroom Apartment for sale in Malaga,338000.0,,3,,,False,https://www.kyero.com/en/property/4645508,http://production.kyero.s3.amazonaws.com/4645/4645508/54705099_original.jpg,True,,,jacuzzi,,,floor heating,"pool, private pool",,,,Awaiting details,24h security system,,,,,,36.719623,-4.420023
27,4645498,3 bedroom Apartment for sale in Malaga,165000.0,,3,,,False,https://www.kyero.com/en/property/4645498,http://production.kyero.s3.amazonaws.com/4645/4645498/54704899_original.jpg,True,reception with fireplace,,,garden,,,communal pool,,,,Awaiting details,,parking,,,mountain views,good condition,36.719623,-4.420023
28,4249835,3 bedroom Apartment for sale in Malaga,275000.0,,3,,,False,https://www.kyero.com/en/property/4249835,http://production.kyero.s3.amazonaws.com/4249/4249835/47147818_original.jpg,True,various store rooms,,,,,,heated pool,,,,Awaiting details,24h security system,underground parking,,,,,36.719623,-4.420023
29,4645509,3 bedroom Apartment for sale in Malaga,250000.0,,3,,,False,https://www.kyero.com/en/property/4645509,http://production.kyero.s3.amazonaws.com/4645/4645509/54705103_original.jpg,True,,,,,,,,,,,Awaiting details,24h security system,,,,,,36.719623,-4.420023
30,4645497,2 bedroom Apartment for sale in Malaga,170000.0,,2,,,False,https://www.kyero.com/en/property/4645497,http://production.kyero.s3.amazonaws.com/4645/4645497/54704885_original.jpg,True,,,,,,,,,,,Awaiting details,24h security system,underground parking,,,,modern,36.719623,-4.420023
31,4256811,2 bedroom Apartment for sale in Malaga,220000.0,,2,,,False,https://www.kyero.com/en/property/4256811,http://production.kyero.s3.amazonaws.com/4256/4256811/47262910_original.jpg,True,various store rooms,,,,,,heated pool,,,,Awaiting details,24h security system,underground parking,,,,,36.719623,-4.420023
32,4645494,3 bedroom Apartment for sale in Malaga,166350.0,,3,,,False,https://www.kyero.com/en/property/4645494,http://production.kyero.s3.amazonaws.com/4645/4645494/54704825_original.jpg,True,,,,garden,,,,,,,Awaiting details,cctv,,,,,,36.719623,-4.420023
33,4645507,2 bedroom Apartment for sale in Malaga,159000.0,,2,,,False,https://www.kyero.com/en/property/4645507,http://production.kyero.s3.amazonaws.com/4645/4645507/54705087_original.jpg,True,reception with fireplace,,,,terrace,,,,,,Awaiting details,,,,,sea views,,36.719623,-4.420023
34,4645499,2 bedroom Apartment for sale in Malaga,139000.0,,2,,,False,https://www.kyero.com/en/property/4645499,http://production.kyero.s3.amazonaws.com/4645/4645499/54704921_original.jpg,True,,,,large garden,terrace,,communal pool,,,,Awaiting details,,,,,,,36.719623,-4.420023
35,5307144,3 bedroom Apartment for sale in Malaga,465000.0,4843.75,3,,96,False,https://www.kyero.com/en/property/5307144,http://production.kyero.s3.amazonaws.com/5307/5307144/67484676_original.jpg,True,,,,,,,,,,,Awaiting details,,,,,,,36.7233248902,-4.420163068
36,4645502,2 bedroom Apartment for sale in Malaga,193000.0,,2,,,False,https://www.kyero.com/en/property/4645502,http://production.kyero.s3.amazonaws.com/4645/4645502/54704983_original.jpg,True,,,,,,,pool,,,,Awaiting details,24h security system,underground parking,,paddle tennis,,,36.719623,-4.420023
37,5060473,2 bedroom Apartment for sale in Malaga,220000.0,,2,,,False,https://www.kyero.com/en/property/5060473,http://production.kyero.s3.amazonaws.com/5060/5060473/62372448_original.jpg,True,,fitted kitchen,,,,floor heating,,,,,Awaiting details,,,,,,,36.719623,-4.420023
38,4601246,6 bedroom Apartment for sale in Malaga,888000.0,,6,,,False,https://www.kyero.com/en/property/4601246,http://production.kyero.s3.amazonaws.com/4601/4601246/53931058_original.jpg,True,,,jacuzzi,,,underfloor heating throughout,heated pool,,,,Awaiting details,24h security system,,,gymnasium,,newly built,36.719623,-4.420023
39,4645493,3 bedroom Apartment for sale in Malaga,295000.0,,3,,,False,https://www.kyero.com/en/property/4645493,http://production.kyero.s3.amazonaws.com/4645/4645493/54704811_original.jpg,True,,,,garden,,,pool,,,,Awaiting details,,,,,sea views,,36.719623,-4.420023
40,4260581,2 bedroom Apartment for sale in Malaga,199000.0,,2,,,False,https://www.kyero.com/en/property/4260581,http://production.kyero.s3.amazonaws.com/4260/4260581/47339108_original.jpg,True,,fitted kitchen,,garden,,underfloor heating throughout,,,,,Awaiting details,24h security system,underground parking,,,,"newly built, modern",36.719623,-4.420023
41,4617247,1 bedroom Apartment for sale in Malaga,98000.0,,1,,,False,https://www.kyero.com/en/property/4617247,http://production.kyero.s3.amazonaws.com/4617/4617247/54237207_original.jpg,True,,,,,,,,,,,Awaiting details,24 hour reception,,,,sea views,newly built,36.719623,-4.420023
42,4426208,2 bedroom Apartment for sale in Malaga,149000.0,,2,,,True,https://www.kyero.com/en/property/4426208,http://production.kyero.s3.amazonaws.com/4426/4426208/50580571_original.jpg,True,,,,,terrace,air conditioning,pool,,,,Awaiting details,24h security system,underground parking,,,,,36.719623,-4.420023
43,4617237,2 bedroom Apartment for sale in Malaga,189000.0,,2,,,False,https://www.kyero.com/en/property/4617237,http://production.kyero.s3.amazonaws.com/4617/4617237/54237064_original.jpg,True,,,,,sunny terraces,,pool,,,,Awaiting details,,,,,,newly built,36.719623,-4.420023
44,4617236,2 bedroom Apartment for sale in Malaga,179000.0,,2,,,False,https://www.kyero.com/en/property/4617236,http://production.kyero.s3.amazonaws.com/4617/4617236/54237047_original.jpg,True,,,,,,,pool,,,,Awaiting details,security guard,underground parking,,,,,36.719623,-4.420023
45,5308466,3 bedroom Apartment for sale in Malaga,214000.0,1768.595041322314,3,2,121,True,https://www.kyero.com/en/property/5308466,http://production.kyero.s3.amazonaws.com/5308/5308466/68504203_original.jpg,True,"utility room, store room",fitted kitchen,,,terrace,air conditioning,communal pool,,,,Awaiting details,gated complex,underground parking,,gymnasium,,"immaculate condition, newly built, new development",36.719623,-4.420023
46,5060454,2 bedroom Apartment for sale in Malaga,195000.0,,2,,,False,https://www.kyero.com/en/property/5060454,http://production.kyero.s3.amazonaws.com/5060/5060454/62372127_original.jpg,True,store room,,,,,,,,,,Awaiting details,,underground parking,,,,newly built,36.719623,-4.420023
47,4601253,7 bedroom Apartment for sale in Malaga,3995000.0,,7,,,False,https://www.kyero.com/en/property/4601253,http://production.kyero.s3.amazonaws.com/4601/4601253/53931201_original.jpg,True,wine cellar,open plan kitchen,,,,fireplace,private pool,,,,Awaiting details,,,,,,,36.719623,-4.420023
48,4645442,2 bedroom Apartment for sale in Malaga,268000.0,,2,,,False,https://www.kyero.com/en/property/4645442,http://production.kyero.s3.amazonaws.com/4645/4645442/54704038_original.jpg,True,,,jacuzzi,,various terraces,,,,,,Awaiting details,24h security system,underground parking,,,,quality residence,36.719623,-4.420023
49,4617269,2 bedroom Apartment for sale in Malaga,152000.0,,2,,,False,https://www.kyero.com/en/property/4617269,http://production.kyero.s3.amazonaws.com/4617/4617269/54237518_original.jpg,True,store room,,,,sunny terraces,,,,,,Awaiting details,24h security system,underground parking,,,,,36.719623,-4.420023
50,4249817,4 bedroom Apartment for sale in Malaga,265000.0,,4,,,False,https://www.kyero.com/en/property/4249817,http://production.kyero.s3.amazonaws.com/4249/4249817/47147518_original.jpg,True,,fitted kitchen,en suite bathroom,garden,roof terrace,air conditioning,communal pool,,,,Awaiting details,,underground parking,,,,,36.719623,-4.420023
51,4645439,2 bedroom Apartment for sale in Malaga,145000.0,,2,,,False,https://www.kyero.com/en/property/4645439,http://production.kyero.s3.amazonaws.com/4645/4645439/54703972_original.jpg,True,,,,,,,pool,,,,Awaiting details,,,,,golf views,,36.719623,-4.420023
52,4601299,3 bedroom Apartment for sale in Malaga,250000.0,,3,,,False,https://www.kyero.com/en/property/4601299,http://production.kyero.s3.amazonaws.com/4601/4601299/53931910_original.jpg,True,,,,,terrace,"air conditioning, solar heating",,,,,Awaiting details,gated complex,garage,,,,newly built,36.719623,-4.420023
53,4601325,3 bedroom Apartment for sale in Malaga,1185000.0,,3,,,False,https://www.kyero.com/en/property/4601325,http://production.kyero.s3.amazonaws.com/4601/4601325/53932325_original.jpg,True,,,,,,underfloor heating throughout,pool,,,,Awaiting details,gated complex,,,,,,36.719623,-4.420023
54,4601377,4 bedroom Apartment for sale in Malaga,895000.0,,4,,,False,https://www.kyero.com/en/property/4601377,http://production.kyero.s3.amazonaws.com/4601/4601377/53933189_original.jpg,True,,,,,roof terrace,,,,,,Awaiting details,security guard,,,,,"newly built, modern",36.719623,-4.420023
55,4645481,2 bedroom Apartment for sale in Malaga,210000.0,,2,,,False,https://www.kyero.com/en/property/4645481,http://production.kyero.s3.amazonaws.com/4645/4645481/54704622_original.jpg,True,,,,,,,communal pool,,,,Awaiting details,24h security system,,,tennis court,,,36.719623,-4.420023
56,4256821,3 bedroom Apartment for sale in Malaga,175000.0,,3,,,False,https://www.kyero.com/en/property/4256821,http://production.kyero.s3.amazonaws.com/4256/4256821/47263098_original.jpg,True,reception with fireplace,,,garden,,air conditioning,pool,,,,Awaiting details,,,,,,modern,36.719623,-4.420023
57,4617267,2 bedroom Apartment for sale in Malaga,145000.0,,2,,,False,https://www.kyero.com/en/property/4617267,http://production.kyero.s3.amazonaws.com/4617/4617267/54237485_original.jpg,True,,,,,,,pool,,,,Awaiting details,,underground parking,,,,,36.719623,-4.420023
58,4249827,2 bedroom Apartment for sale in Malaga,244000.0,,2,,,False,https://www.kyero.com/en/property/4249827,http://production.kyero.s3.amazonaws.com/4249/4249827/47147678_original.jpg,True,,,,,,,,,,,Awaiting details,gated complex,underground parking,,,,"newly built, new development",36.719623,-4.420023
59,3975683,3 bedroom Apartment for sale in Malaga,332000.0,,3,,,False,https://www.kyero.com/en/property/3975683,http://production.kyero.s3.amazonaws.com/3975/3975683/51531377_original.jpg,True,,,,,various terraces,underfloor heating throughout,,,,solar power,Awaiting details,,,,,sea views,spacious accommodation,36.719623,-4.420023
60,4601382,4 bedroom Apartment for sale in Malaga,180000.0,,4,,,False,https://www.kyero.com/en/property/4601382,http://production.kyero.s3.amazonaws.com/4601/4601382/53933260_original.jpg,True,,,,,,open fireplace,communal pool,,,,Awaiting details,,underground parking,,,sea views,built to high standards,36.719623,-4.420023
61,4617266,3 bedroom Apartment for sale in Malaga,1750000.0,,3,,,True,https://www.kyero.com/en/property/4617266,http://production.kyero.s3.amazonaws.com/4617/4617266/54237470_original.jpg,True,store room,,,,various terraces,underfloor heating throughout,,,,,Awaiting details,24h security system,underground parking,,,sea views,,36.719623,-4.420023
62,4645448,4 bedroom Apartment for sale in Malaga,325000.0,,4,,,False,https://www.kyero.com/en/property/4645448,http://production.kyero.s3.amazonaws.com/4645/4645448/54704140_original.jpg,True,reception with fireplace,,,garden,various terraces,,,,,,Awaiting details,,,,,sea views,refurbished,36.719623,-4.420023
63,4645452,2 bedroom Apartment for sale in Malaga,184900.0,,2,,,False,https://www.kyero.com/en/property/4645452,http://production.kyero.s3.amazonaws.com/4645/4645452/54704216_original.jpg,True,,,,large garden,,,communal pool,,,,Awaiting details,24h security system,,,paddle tennis,,,36.719623,-4.420023
64,4645483,4 bedroom Apartment for sale in Malaga,769000.0,,4,,,False,https://www.kyero.com/en/property/4645483,http://production.kyero.s3.amazonaws.com/4645/4645483/54704668_original.jpg,True,reception with fireplace,,,,,underfloor heating throughout,,,,,Awaiting details,24h security system,garage,,,,,36.719623,-4.420023
65,4249844,3 bedroom Villa for sale in Malaga,209950.0,,3,,,False,https://www.kyero.com/en/property/4249844,http://production.kyero.s3.amazonaws.com/4249/4249844/47147986_original.jpg,True,,,,easily maintained gardens,,air conditioning,communal pool,,,,Awaiting details,,parking,,,sea views,,36.719623,-4.420023
66,4426230,2 bedroom Apartment for sale in Malaga,179000.0,,2,,,False,https://www.kyero.com/en/property/4426230,http://production.kyero.s3.amazonaws.com/4426/4426230/50580936_original.jpg,True,,,,mature garden,,,,,,,Awaiting details,gated complex,underground parking,,,,,36.719623,-4.420023
67,4601272,5 bedroom Apartment for sale in Malaga,1595000.0,,5,,,False,https://www.kyero.com/en/property/4601272,http://production.kyero.s3.amazonaws.com/4601/4601272/53931540_original.jpg,True,wine cellar,,,landscaped gardens,,,private pool,,,,Awaiting details,,parking,,,mountain views,spacious accommodation,36.719623,-4.420023
68,4601321,2 bedroom Apartment for sale in Malaga,211000.0,,2,,,False,https://www.kyero.com/en/property/4601321,http://production.kyero.s3.amazonaws.com/4601/4601321/53932255_original.jpg,True,,,sauna,,barbecue,underfloor heating throughout,,,,,Awaiting details,,underground parking,,"gymnasium, paddle tennis",sea views,,36.719623,-4.420023
69,4601355,3 bedroom Apartment for sale in Malaga,159000.0,,3,,,False,https://www.kyero.com/en/property/4601355,http://production.kyero.s3.amazonaws.com/4601/4601355/53932790_original.jpg,True,reception with fireplace,,,garden,,,,,,,Awaiting details,,parking,,,,refurbished,36.719623,-4.420023
70,4617285,2 bedroom Apartment for sale in Malaga,195800.0,,2,,,False,https://www.kyero.com/en/property/4617285,http://production.kyero.s3.amazonaws.com/4617/4617285/54237734_original.jpg,True,,,sauna,,,,,,,,Awaiting details,,underground parking,,,,,36.719623,-4.420023
71,3975931,3 bedroom Apartment for sale in Malaga,307000.0,,3,,,False,https://www.kyero.com/en/property/3975931,http://production.kyero.s3.amazonaws.com/3975/3975931/46114468_original.jpg,True,,,,,various terraces,,,,,,Awaiting details,,,,,,quality residence,36.719623,-4.420023
72,4617276,2 bedroom Apartment for sale in Malaga,100000.0,,2,,,False,https://www.kyero.com/en/property/4617276,http://production.kyero.s3.amazonaws.com/4617/4617276/54237623_original.jpg,True,,,,,"sunny terraces, barbecue",,,,,,Awaiting details,gated complex,,,paddle tennis,,,36.719623,-4.420023
73,4617286,3 bedroom Apartment for sale in Malaga,169000.0,,3,,,False,https://www.kyero.com/en/property/4617286,http://production.kyero.s3.amazonaws.com/4617/4617286/54237753_original.jpg,True,reception with fireplace,,,,,,,,,,Awaiting details,,underground parking,,,,spacious accommodation,36.719623,-4.420023
74,4249819,2 bedroom Apartment for sale in Malaga,249000.0,,2,,,False,https://www.kyero.com/en/property/4249819,http://production.kyero.s3.amazonaws.com/4249/4249819/47147565_original.jpg,True,,,,large garden,roof terrace,open fireplace,,,,,Awaiting details,,,,tennis court,"mountain views, sea views",,36.719623,-4.420023
75,4267358,3 bedroom Apartment for sale in Malaga,950000.0,,3,,,False,https://www.kyero.com/en/property/4267358,http://production.kyero.s3.amazonaws.com/4267/4267358/47500799_original.jpg,True,,,,large garden,,underfloor heating throughout,heated pool,,,,Awaiting details,gated complex,double garage,,,sea views,,36.719623,-4.420023
76,4467045,2 bedroom Apartment for sale in Malaga,102000.0,,2,,,False,https://www.kyero.com/en/property/4467045,http://production.kyero.s3.amazonaws.com/4467/4467045/62372447_original.jpg,True,,,,,,,,,freehold,,Awaiting details,24h security system,underground parking,,"tennis court, gymnasium",,,36.719623,-4.420023
77,4601384,8 bedroom Apartment for sale in Malaga,4850000.0,,8,,,False,https://www.kyero.com/en/property/4601384,http://production.kyero.s3.amazonaws.com/4601/4601384/53933292_original.jpg,True,,,,,level plot,,,,,,Awaiting details,24h security system,garage,,,sea views,,36.719623,-4.420023
78,4601262,2 bedroom Apartment for sale in Malaga,120000.0,,2,,,False,https://www.kyero.com/en/property/4601262,http://production.kyero.s3.amazonaws.com/4601/4601262/53931367_original.jpg,True,various store rooms,,,,,air conditioning,private pool,,,,Awaiting details,24h security system,underground parking,,close to tennis,,,36.719623,-4.420023
79,4601237,4 bedroom Apartment for sale in Malaga,959000.0,,4,,,False,https://www.kyero.com/en/property/4601237,http://production.kyero.s3.amazonaws.com/4601/4601237/53930934_original.jpg,True,,,,,,,,,,,Awaiting details,,,,,,,36.719623,-4.420023
80,4601337,2 bedroom Apartment for sale in Malaga,114500.0,,2,,,False,https://www.kyero.com/en/property/4601337,http://production.kyero.s3.amazonaws.com/4601/4601337/53932564_original.jpg,True,store room,,,,,,,,,,Awaiting details,24h security system,underground parking,,,,,36.719623,-4.420023
81,4645451,3 bedroom Apartment for sale in Malaga,114000.0,,3,,,False,https://www.kyero.com/en/property/4645451,http://production.kyero.s3.amazonaws.com/4645/4645451/54704189_original.jpg,True,various store rooms,,,,,air conditioning,private pool,,,,Awaiting details,24h security system,underground parking,,close to tennis,,,36.719623,-4.420023
82,3975763,4 bedroom Villa for sale in Malaga,350000.0,,4,,,True,https://www.kyero.com/en/property/3975763,http://production.kyero.s3.amazonaws.com/3975/3975763/46114253_original.jpg,True,,,,garden,,,,,,,Awaiting details,,parking,,,sea views,,36.719623,-4.420023
83,4617261,4 bedroom Apartment for sale in Malaga,875000.0,,4,,,False,https://www.kyero.com/en/property/4617261,http://production.kyero.s3.amazonaws.com/4617/4617261/54237398_original.jpg,True,,,,,,,private pool,guest apartment,,,Awaiting details,24h security system,garage,,,,renovated,36.719623,-4.420023
84,3269707,3 bedroom Apartment for sale in Malaga,475000.0,,3,,,False,https://www.kyero.com/en/property/3269707,http://production.kyero.s3.amazonaws.com/3269/3269707/46114659_original.jpg,True,reception with fireplace,,,,terrace,underfloor heating throughout,private pool,,,,Awaiting details,,,,,,renovated,36.719623,-4.420023
85,3484063,3 bedroom Villa for sale in Malaga,695000.0,,3,,,False,https://www.kyero.com/en/property/3484063,http://production.kyero.s3.amazonaws.com/3484/3484063/46114165_original.jpg,True,lounge dining area,,,,roof terrace,,private pool,,,,Awaiting details,,garage,,,,modern,36.719623,-4.420023
86,4256819,2 bedroom Apartment for sale in Malaga,225000.0,,2,,,False,https://www.kyero.com/en/property/4256819,http://production.kyero.s3.amazonaws.com/4256/4256819/47263063_original.jpg,True,,,,,,,,,,,Awaiting details,,underground parking,,tennis court,sea views,,36.719623,-4.420023
87,4452520,2 bedroom Apartment for sale in Malaga,224950.0,,2,,,False,https://www.kyero.com/en/property/4452520,http://production.kyero.s3.amazonaws.com/4452/4452520/51218661_original.jpg,True,reception with fireplace,,,,,,,,,,Awaiting details,,underground parking,,paddle tennis,sea views,,36.719623,-4.420023
88,4601276,4 bedroom Apartment for sale in Malaga,2500000.0,,4,,,False,https://www.kyero.com/en/property/4601276,http://production.kyero.s3.amazonaws.com/4601/4601276/53931605_original.jpg,True,wine cellar,,,,,underfloor heating throughout,private pool,,,,Awaiting details,24h security system,garage,,,,modern,36.719623,-4.420023
89,4601364,3 bedroom Apartment for sale in Malaga,845000.0,,3,,,False,https://www.kyero.com/en/property/4601364,http://production.kyero.s3.amazonaws.com/4601/4601364/53932952_original.jpg,True,,,en suite bathroom,landscaped gardens,,,,,,,Awaiting details,,parking,,,sea views,spacious accommodation,36.719623,-4.420023
90,4617262,3 bedroom Apartment for sale in Malaga,179900.0,,3,,,False,https://www.kyero.com/en/property/4617262,http://production.kyero.s3.amazonaws.com/4617/4617262/54237414_original.jpg,True,reception with fireplace,,,,,,,,,,Awaiting details,gated complex,,,,,,36.719623,-4.420023
91,4617279,4 bedroom Apartment for sale in Malaga,749000.0,,4,,,False,https://www.kyero.com/en/property/4617279,http://production.kyero.s3.amazonaws.com/4617/4617279/54237671_original.jpg,True,,,,garden,,underfloor heating throughout,,,,,Awaiting details,,parking,,tennis court,,,36.719623,-4.420023
92,4249838,2 bedroom Apartment for sale in Malaga,237200.0,,2,,,False,https://www.kyero.com/en/property/4249838,http://production.kyero.s3.amazonaws.com/4249/4249838/47147879_original.jpg,True,,,jacuzzi,,,,,,,,Awaiting details,24h security system,underground parking,,,,newly built,36.719623,-4.420023
93,4601302,4 bedroom Apartment for sale in Malaga,585000.0,,4,,,False,https://www.kyero.com/en/property/4601302,http://production.kyero.s3.amazonaws.com/4601/4601302/53931967_original.jpg,True,,,,,,underfloor heating throughout,private pool,,,,Awaiting details,,garage,,,,"newly built, modern",36.719623,-4.420023
94,4645438,4 bedroom Apartment for sale in Malaga,285000.0,,4,,,False,https://www.kyero.com/en/property/4645438,http://production.kyero.s3.amazonaws.com/4645/4645438/54703951_original.jpg,True,reception with fireplace,,,,various terraces,,,,,,Awaiting details,,,,,,spacious accommodation,36.719623,-4.420023
95,4249836,3 bedroom Apartment for sale in Malaga,230000.0,,3,,,False,https://www.kyero.com/en/property/4249836,http://production.kyero.s3.amazonaws.com/4249/4249836/47147840_original.jpg,True,reception with fireplace,,,,,,pool,,,,Awaiting details,,,,close to tennis,,,36.719623,-4.420023
96,4645434,4 bedroom Apartment for sale in Malaga,595000.0,,4,,,False,https://www.kyero.com/en/property/4645434,http://production.kyero.s3.amazonaws.com/4645/4645434/54703868_original.jpg,True,reception with fireplace,,,large garden,,air conditioning,private pool,,,,Awaiting details,,off road parking,,,,,36.719623,-4.420023
97,4645465,2 bedroom Apartment for sale in Malaga,145000.0,,2,,,False,https://www.kyero.com/en/property/4645465,http://production.kyero.s3.amazonaws.com/4645/4645465/54704402_original.jpg,True,,,,,,,,,,,Awaiting details,,underground parking,,,sea views,renovated,36.719623,-4.420023
98,4645471,2 bedroom Apartment for sale in Malaga,265000.0,,2,,,True,https://www.kyero.com/en/property/4645471,http://production.kyero.s3.amazonaws.com/4645/4645471/54704481_original.jpg,True,,,,,,,,,,,Awaiting details,24h security system,underground parking,,tennis court,,newly built,36.719623,-4.420023
99,3975988,2 bedroom Apartment for sale in Malaga,298000.0,,2,,,False,https://www.kyero.com/en/property/3975988,http://production.kyero.s3.amazonaws.com/3975/3975988/46114555_original.jpg,True,,,,garden,various terraces,,pool,,,,Awaiting details,,,,,,,36.719623,-4.420023
100,4601334,2 bedroom Apartment for sale in Malaga,127500.0,,2,,,False,https://www.kyero.com/en/property/4601334,http://production.kyero.s3.amazonaws.com/4601/4601334/53932509_original.jpg,True,,fitted kitchen,,,,,pool,,,,Awaiting details,,,,,sea views,,36.719623,-4.420023
101,4617277,2 bedroom Apartment for sale in Malaga,255000.0,,2,,,False,https://www.kyero.com/en/property/4617277,http://production.kyero.s3.amazonaws.com/4617/4617277/54237641_original.jpg,True,,,,,,,heated pool,,,,Awaiting details,,,,,,newly built,36.719623,-4.420023
102,4617278,2 bedroom Apartment for sale in Malaga,147290.0,,2,,,False,https://www.kyero.com/en/property/4617278,http://production.kyero.s3.amazonaws.com/4617/4617278/54237650_original.jpg,True,,,,,sunny terraces,,private pool,,,,Awaiting details,gated complex,underground parking,,,,"newly built, spacious accommodation",36.719623,-4.420023
103,5293685,2 bedroom Apartment for sale in Malaga,440000.0,5641.025641025641,2,,78,False,https://www.kyero.com/en/property/5293685,http://production.kyero.s3.amazonaws.com/5293/5293685/70885997_original.jpg,True,,,,,,,,,,,Awaiting details,,,,,,,36.7233420892,-4.4201476034
104,3976019,3 bedroom Apartment for sale in Malaga,385000.0,,3,,,False,https://www.kyero.com/en/property/3976019,http://production.kyero.s3.amazonaws.com/3976/3976019/46114663_original.jpg,True,,,,,terrace,fireplace,,,,,Awaiting details,,,,tennis court,,tastefully decorated,36.719623,-4.420023
105,4617306,4 bedroom Apartment for sale in Malaga,285000.0,,4,,,False,https://www.kyero.com/en/property/4617306,http://production.kyero.s3.amazonaws.com/4617/4617306/54237942_original.jpg,True,reception with fireplace,,,,,,private pool,,,,Awaiting details,,,,,sea views,refurbished,36.719623,-4.420023
106,4645472,2 bedroom Apartment for sale in Malaga,155000.0,,2,,,False,https://www.kyero.com/en/property/4645472,http://production.kyero.s3.amazonaws.com/4645/4645472/54704489_original.jpg,True,,,,,various terraces,,private pool,,,,Awaiting details,,underground parking,,,,modern,36.719623,-4.420023
107,4645479,3 bedroom Apartment for sale in Malaga,1650000.0,,3,,,False,https://www.kyero.com/en/property/4645479,http://production.kyero.s3.amazonaws.com/4645/4645479/54704596_original.jpg,True,store room,,,,,floor heating,"private pool, communal pool",,,,Awaiting details,24h security system,underground parking,,,,,36.719623,-4.420023
108,4645485,2 bedroom Apartment for sale in Malaga,145000.0,,2,,,False,https://www.kyero.com/en/property/4645485,http://production.kyero.s3.amazonaws.com/4645/4645485/54704698_original.jpg,True,,,,mature garden,various terraces,,,,,,Awaiting details,,,,"close to tennis, paddle tennis",,,36.719623,-4.420023
109,4249818,3 bedroom Apartment for sale in Malaga,215000.0,,3,,,False,https://www.kyero.com/en/property/4249818,http://production.kyero.s3.amazonaws.com/4249/4249818/47147539_original.jpg,True,,,,mature garden,terrace,,,,,,Awaiting details,gated complex,parking,,,,,36.719623,-4.420023
110,4264532,3 bedroom Apartment for sale in Malaga,950000.0,,3,,,False,https://www.kyero.com/en/property/4264532,http://production.kyero.s3.amazonaws.com/4264/4264532/47450785_original.jpg,True,,,,large garden,,,heated pool,,,,Awaiting details,24h security system,double garage,,,sea views,newly built,36.719623,-4.420023
111,4260572,4 bedroom Villa for sale in Malaga,675000.0,,4,,,False,https://www.kyero.com/en/property/4260572,http://production.kyero.s3.amazonaws.com/4260/4260572/47339014_original.jpg,True,,,,,,,"private pool, heated pool",,,,Awaiting details,gated complex,,,,,"newly built, modern",36.719623,-4.420023
112,4601241,3 bedroom Apartment for sale in Malaga,715000.0,,3,,,False,https://www.kyero.com/en/property/4601241,http://production.kyero.s3.amazonaws.com/4601/4601241/53930995_original.jpg,True,basement,open plan kitchen,,,,,,,,,Awaiting details,,,,,,,36.719623,-4.420023
113,4249837,2 bedroom Apartment for sale in Malaga,230000.0,,2,,,False,https://www.kyero.com/en/property/4249837,http://production.kyero.s3.amazonaws.com/4249/4249837/47147856_original.jpg,True,,,,,,,"pool, communal pool",,,,Awaiting details,24h security system,,,tennis court,,renovated,36.719623,-4.420023
114,4253751,3 bedroom Apartment for sale in Malaga,189950.0,,3,,,False,https://www.kyero.com/en/property/4253751,http://production.kyero.s3.amazonaws.com/4253/4253751/47206994_original.jpg,True,store room,,,,,air conditioning,pool,,,,Awaiting details,,garage,,,,,36.719623,-4.420023
115,4260587,3 bedroom Apartment for sale in Malaga,250000.0,,3,,,False,https://www.kyero.com/en/property/4260587,http://production.kyero.s3.amazonaws.com/4260/4260587/47339209_original.jpg,True,reception with fireplace,,,,,,pool,,,,Awaiting details,,,,,sea views,,36.719623,-4.420023
116,4260589,3 bedroom Apartment for sale in Malaga,199000.0,,3,,,True,https://www.kyero.com/en/property/4260589,http://production.kyero.s3.amazonaws.com/4260/4260589/47339231_original.jpg,True,,,,,,,,,,,Awaiting details,gated complex,,,tennis court,,,36.719623,-4.420023
117,4601298,2 bedroom Apartment for sale in Malaga,195000.0,,2,,,False,https://www.kyero.com/en/property/4601298,http://production.kyero.s3.amazonaws.com/4601/4601298/53931899_original.jpg,True,,,,,,,,,,,Awaiting details,24h security system,underground parking,,,sea views,,36.719623,-4.420023
118,4601353,4 bedroom Apartment for sale in Malaga,887000.0,,4,,,False,https://www.kyero.com/en/property/4601353,http://production.kyero.s3.amazonaws.com/4601/4601353/53932767_original.jpg,True,dining area,open plan kitchen,,,level plot,"central heating, fireplace",,,,,Awaiting details,gated complex,,,,,refurbished,36.719623,-4.420023
119,4601359,4 bedroom Apartment for sale in Malaga,950000.0,,4,,,False,https://www.kyero.com/en/property/4601359,http://production.kyero.s3.amazonaws.com/4601/4601359/53932873_original.jpg,True,,,,,,,,,,,Awaiting details,,,,,sea views,,36.719623,-4.420023
120,4256814,2 bedroom Apartment for sale in Malaga,189000.0,,2,,,False,https://www.kyero.com/en/property/4256814,http://production.kyero.s3.amazonaws.com/4256/4256814/47262991_original.jpg,True,,,,,terrace,air conditioning,communal pool,,,,Awaiting details,gated complex,parking,,,sea views,immaculate condition,36.719623,-4.420023
121,4617253,2 bedroom Apartment for sale in Malaga,249000.0,,2,,,False,https://www.kyero.com/en/property/4617253,http://production.kyero.s3.amazonaws.com/4617/4617253/54237281_original.jpg,True,,open plan kitchen,,,sunny terraces,,,,,,Awaiting details,24h security system,underground parking,,,,new development,36.719623,-4.420023
122,4617255,2 bedroom Apartment for sale in Malaga,135000.0,,2,,,False,https://www.kyero.com/en/property/4617255,http://production.kyero.s3.amazonaws.com/4617/4617255/54237301_original.jpg,True,various store rooms,,,,various terraces,,,,,,Awaiting details,,underground parking,,,sea views,,36.719623,-4.420023
123,4617274,3 bedroom Apartment for sale in Malaga,299000.0,,3,,,False,https://www.kyero.com/en/property/4617274,http://production.kyero.s3.amazonaws.com/4617/4617274/54237604_original.jpg,True,,,,,,,pool,,,,Awaiting details,,,,,,"newly built, modern",36.719623,-4.420023
124,4249831,3 bedroom Apartment for sale in Malaga,195000.0,,3,,,False,https://www.kyero.com/en/property/4249831,http://production.kyero.s3.amazonaws.com/4249/4249831/47147737_original.jpg,True,,,,mature garden,,fireplace,private pool,,,,Awaiting details,gated complex,,,,,part renovated,36.719623,-4.420023
125,4249840,4 bedroom Apartment for sale in Malaga,250000.0,,4,,,False,https://www.kyero.com/en/property/4249840,http://production.kyero.s3.amazonaws.com/4249/4249840/47147918_original.jpg,True,,,,,,fireplace,pool,,,,Awaiting details,,,,close to tennis,,,36.719623,-4.420023
126,4426186,2 bedroom Apartment for sale in Malaga,159000.0,,2,,,False,https://www.kyero.com/en/property/4426186,http://production.kyero.s3.amazonaws.com/4426/4426186/50580202_original.jpg,True,,,,,,,,,,,Awaiting details,,underground parking,,paddle tennis,,,36.719623,-4.420023
127,4617251,2 bedroom Apartment for sale in Malaga,124000.0,,2,,,False,https://www.kyero.com/en/property/4617251,http://production.kyero.s3.amazonaws.com/4617/4617251/54237250_original.jpg,True,,,,beautiful garden,,,,,,,Awaiting details,gated complex,underground parking,,,,,36.719623,-4.420023
128,4645456,2 bedroom Apartment for sale in Malaga,160000.0,,2,,,False,https://www.kyero.com/en/property/4645456,http://production.kyero.s3.amazonaws.com/4645/4645456/54704297_original.jpg,True,reception with fireplace,,,,,,,,,,Awaiting details,,,,,sea views,spacious accommodation,36.719623,-4.420023
129,3269623,3 bedroom Villa for sale in Malaga,545000.0,,3,,,False,https://www.kyero.com/en/property/3269623,http://production.kyero.s3.amazonaws.com/3269/3269623/46114505_original.jpg,True,,,,,,fireplace,private pool,,,,Awaiting details,,garage,,,sea views,,36.719623,-4.420023
130,4426166,2 bedroom Apartment for sale in Malaga,120000.0,,2,,,False,https://www.kyero.com/en/property/4426166,http://production.kyero.s3.amazonaws.com/4426/4426166/50579899_original.jpg,True,store room,,,,terrace,,pool,,,,Awaiting details,24h security system,underground parking,,,,good condition,36.719623,-4.420023
131,4601296,3 bedroom Apartment for sale in Malaga,375000.0,,3,,,False,https://www.kyero.com/en/property/4601296,http://production.kyero.s3.amazonaws.com/4601/4601296/53931870_original.jpg,True,,,,large garden,"various terraces, roof terrace",,heated pool,,,,Awaiting details,gated complex,,,,,spacious accommodation,36.719623,-4.420023
132,4601350,3 bedroom Apartment for sale in Malaga,349000.0,,3,,,False,https://www.kyero.com/en/property/4601350,http://production.kyero.s3.amazonaws.com/4601/4601350/53932737_original.jpg,True,,,,garden,various terraces,,pool,,,,Awaiting details,,parking,,,,rustic style,36.719623,-4.420023
133,4645433,4 bedroom Apartment for sale in Malaga,498000.0,,4,,,False,https://www.kyero.com/en/property/4645433,http://production.kyero.s3.amazonaws.com/4645/4645433/54703864_original.jpg,True,,,jacuzzi,,,underfloor heating throughout,private pool,,,,Awaiting details,,underground parking,,,,newly built,36.719623,-4.420023
134,4645435,3 bedroom Apartment for sale in Malaga,235000.0,,3,,,False,https://www.kyero.com/en/property/4645435,http://production.kyero.s3.amazonaws.com/4645/4645435/54703885_original.jpg,True,"reception with fireplace, utility room",,,,,,,,,,Awaiting details,24h security system,,,,,,36.719623,-4.420023
135,4645480,4 bedroom Apartment for sale in Malaga,495000.0,,4,,,False,https://www.kyero.com/en/property/4645480,http://production.kyero.s3.amazonaws.com/4645/4645480/54704610_original.jpg,True,reception with fireplace,,,,,underfloor heating throughout,heated pool,guest house,,,Awaiting details,,,,,sea views,renovated,36.719623,-4.420023
136,4617241,2 bedroom Apartment for sale in Malaga,135000.0,,2,,,False,https://www.kyero.com/en/property/4617241,http://production.kyero.s3.amazonaws.com/4617/4617241/54237126_original.jpg,True,,fitted kitchen,,,roof terrace,,,,,,Awaiting details,,underground parking,,,,,36.719623,-4.420023
137,4617260,4 bedroom Apartment for sale in Malaga,695000.0,,4,,,True,https://www.kyero.com/en/property/4617260,http://production.kyero.s3.amazonaws.com/4617/4617260/54237387_original.jpg,True,basement,fitted kitchen,,,terrace,underfloor heating throughout,private pool,,,,Awaiting details,gated complex,,,,sea views,newly built,36.719623,-4.420023
138,4617263,3 bedroom Apartment for sale in Malaga,171000.0,,3,,,False,https://www.kyero.com/en/property/4617263,http://production.kyero.s3.amazonaws.com/4617/4617263/54237429_original.jpg,True,,,,,,,communal pool,,,,Awaiting details,,garage,,,,modern,36.719623,-4.420023
139,3975790,2 bedroom Apartment for sale in Malaga,293000.0,,2,,,False,https://www.kyero.com/en/property/3975790,http://production.kyero.s3.amazonaws.com/3975/3975790/46114283_original.jpg,True,,,,,,,heated pool,,,,Awaiting details,24h security system,underground parking,,gymnasium,,"refurbished, newly built",36.719623,-4.420023
140,4645425,2 bedroom Apartment for sale in Malaga,265000.0,,2,,,False,https://www.kyero.com/en/property/4645425,http://production.kyero.s3.amazonaws.com/4645/4645425/54703712_original.jpg,True,,,jacuzzi,,various terraces,underfloor heating throughout,private pool,,,,Awaiting details,,underground parking,,,,,36.719623,-4.420023
141,4645437,2 bedroom Apartment for sale in Malaga,265000.0,,2,,,False,https://www.kyero.com/en/property/4645437,http://production.kyero.s3.amazonaws.com/4645/4645437/54703920_original.jpg,True,reception with fireplace,,,,terrace,,,,,,Awaiting details,,,,,,,36.719623,-4.420023
142,4645462,4 bedroom Apartment for sale in Malaga,1195000.0,,4,,,False,https://www.kyero.com/en/property/4645462,http://production.kyero.s3.amazonaws.com/4645/4645462/54704370_original.jpg,True,,,,,,,,,,,Awaiting details,24h security system,underground parking,,,"sea views, countryside views",refurbished,36.719623,-4.420023
143,4645488,3 bedroom Apartment for sale in Malaga,295000.0,,3,,,False,https://www.kyero.com/en/property/4645488,http://production.kyero.s3.amazonaws.com/4645/4645488/54704737_original.jpg,True,,,,,various terraces,underfloor heating throughout,,,,,Awaiting details,,underground parking,,,sea views,,36.719623,-4.420023
144,4645490,3 bedroom Apartment for sale in Malaga,125000.0,,3,,,False,https://www.kyero.com/en/property/4645490,http://production.kyero.s3.amazonaws.com/4645/4645490/54704769_original.jpg,True,,fitted kitchen,,garden,various terraces,,,,,,Awaiting details,,,,,,,36.719623,-4.420023
145,4601295,2 bedroom Apartment for sale in Malaga,175000.0,,2,,,False,https://www.kyero.com/en/property/4601295,http://production.kyero.s3.amazonaws.com/4601/4601295/53931865_original.jpg,True,,,,,,,,,,,Awaiting details,24h security system,underground parking,,,,,36.719623,-4.420023
146,4601316,6 bedroom Apartment for sale in Malaga,499000.0,,6,,,False,https://www.kyero.com/en/property/4601316,http://production.kyero.s3.amazonaws.com/4601/4601316/53932172_original.jpg,True,reception with fireplace,,,,roof terrace,central heating,,separate guest accommodation,,,Awaiting details,24h security system,parking,,,,,36.719623,-4.420023
147,3975924,3 bedroom Apartment for sale in Malaga,349000.0,,3,,,False,https://www.kyero.com/en/property/3975924,http://production.kyero.s3.amazonaws.com/3975/3975924/46114461_original.jpg,True,store room,,,,,underfloor heating throughout,pool,,,,Awaiting details,,,,,,,36.719623,-4.420023
148,4617240,2 bedroom Apartment for sale in Malaga,123000.0,,2,,,True,https://www.kyero.com/en/property/4617240,http://production.kyero.s3.amazonaws.com/4617/4617240/54237109_original.jpg,True,,,,,various terraces,,pool,,,,Awaiting details,24h security system,,,close to tennis,,,36.719623,-4.420023
149,4617259,3 bedroom Apartment for sale in Malaga,350000.0,,3,,,False,https://www.kyero.com/en/property/4617259,http://production.kyero.s3.amazonaws.com/4617/4617259/54237368_original.jpg,True,reception with fireplace,,,,,,private pool,,,,Awaiting details,,garage,,,,newly built,36.719623,-4.420023
150,4617272,3 bedroom Apartment for sale in Malaga,350000.0,,3,,,False,https://www.kyero.com/en/property/4617272,http://production.kyero.s3.amazonaws.com/4617/4617272/54237573_original.jpg,True,,,,garden,various terraces,,private pool,,,,Awaiting details,,,,,,newly built,36.719623,-4.420023
151,4645436,3 bedroom Apartment for sale in Malaga,595000.0,,3,,,False,https://www.kyero.com/en/property/4645436,http://production.kyero.s3.amazonaws.com/4645/4645436/54703902_original.jpg,True,,,,,various terraces,underfloor heating throughout,pool,,,,Awaiting details,gated complex,underground parking,,,,spacious accommodation,36.719623,-4.420023
152,4645468,3 bedroom Apartment for sale in Malaga,250000.0,,3,,,False,https://www.kyero.com/en/property/4645468,http://production.kyero.s3.amazonaws.com/4645/4645468/54704444_original.jpg,True,store room,,,,,air conditioning,,,,,Awaiting details,,underground parking,,,,spacious accommodation,36.719623,-4.420023
153,4645492,3 bedroom Apartment for sale in Malaga,949000.0,,3,,,False,https://www.kyero.com/en/property/4645492,http://production.kyero.s3.amazonaws.com/4645/4645492/54704798_original.jpg,True,reception with fireplace,,,,terrace,,pool,,,,Awaiting details,24h security system,underground parking,,tennis court,,,36.719623,-4.420023
154,4249807,2 bedroom Apartment for sale in Malaga,285000.0,,2,,,False,https://www.kyero.com/en/property/4249807,http://production.kyero.s3.amazonaws.com/4249/4249807/47147362_original.jpg,True,,,,,,fireplace,,,,,Awaiting details,,,,,sea views,,36.719623,-4.420023
155,4249809,3 bedroom Apartment for sale in Malaga,220000.0,,3,,,False,https://www.kyero.com/en/property/4249809,http://production.kyero.s3.amazonaws.com/4249/4249809/47147379_original.jpg,True,,,,,various terraces,,,,,,Awaiting details,,,,,,,36.719623,-4.420023
156,4249842,2 bedroom Apartment for sale in Malaga,250000.0,,2,,,False,https://www.kyero.com/en/property/4249842,http://production.kyero.s3.amazonaws.com/4249/4249842/47147954_original.jpg,True,,,,,various terraces,underfloor heating throughout,"pool, heated pool",,,,Awaiting details,24h security system,underground parking,,gymnasium,,,36.719623,-4.420023
157,4249839,2 bedroom Apartment for sale in Malaga,230000.0,,2,,,False,https://www.kyero.com/en/property/4249839,http://production.kyero.s3.amazonaws.com/4249/4249839/49936422_original.jpg,True,,,,garden,,,,,,,Awaiting details,gated complex,parking,,,sea views,modern,36.719623,-4.420023
158,4249811,4 bedroom Apartment for sale in Malaga,319000.0,,4,,,False,https://www.kyero.com/en/property/4249811,http://production.kyero.s3.amazonaws.com/4249/4249811/47147410_original.jpg,True,,,,,,,pool,,,,Awaiting details,,,,tennis court,,spacious accommodation,36.719623,-4.420023
159,4267359,4 bedroom Villa for sale in Malaga,495000.0,,4,,,False,https://www.kyero.com/en/property/4267359,http://production.kyero.s3.amazonaws.com/4267/4267359/47500807_original.jpg,True,,,,,,,private pool,,,,Awaiting details,gated complex,,,,sea views,modern,36.719623,-4.420023
160,4601245,2 bedroom Apartment for sale in Malaga,140000.0,,2,,,False,https://www.kyero.com/en/property/4601245,http://production.kyero.s3.amazonaws.com/4601/4601245/53931043_original.jpg,True,,,,,,,communal pool,,,,Awaiting details,gated complex,,,,sea views,good condition,36.719623,-4.420023
161,4249839,2 bedroom Apartment for sale in Malaga,230000.0,,2,,,False,https://www.kyero.com/en/property/4249839,http://production.kyero.s3.amazonaws.com/4249/4249839/49936422_original.jpg,True,,,,garden,,,,,,,Awaiting details,gated complex,parking,,,sea views,modern,36.719623,-4.420023
162,4249811,4 bedroom Apartment for sale in Malaga,319000.0,,4,,,False,https://www.kyero.com/en/property/4249811,http://production.kyero.s3.amazonaws.com/4249/4249811/47147410_original.jpg,True,,,,,,,pool,,,,Awaiting details,,,,tennis court,,spacious accommodation,36.719623,-4.420023
163,4267359,4 bedroom Villa for sale in Malaga,495000.0,,4,,,False,https://www.kyero.com/en/property/4267359,http://production.kyero.s3.amazonaws.com/4267/4267359/47500807_original.jpg,True,,,,,,,private pool,,,,Awaiting details,gated complex,,,,sea views,modern,36.719623,-4.420023
164,4381841,2 bedroom Apartment for sale in Malaga,159000.0,,2,,,False,https://www.kyero.com/en/property/4381841,http://production.kyero.s3.amazonaws.com/4381/4381841/49600744_original.jpg,True,,,,,terrace,open fireplace,,,,,Awaiting details,,underground parking,,,sea views,,36.719623,-4.420023
165,4617273,2 bedroom Apartment for sale in Malaga,129000.0,,2,,,True,https://www.kyero.com/en/property/4617273,http://production.kyero.s3.amazonaws.com/4617/4617273/54237594_original.jpg,True,,,,,,,communal pool,,,,Awaiting details,security system,underground parking,,tennis court,,quality residence,36.719623,-4.420023
166,4617282,4 bedroom Apartment for sale in Malaga,650000.0,,4,,,False,https://www.kyero.com/en/property/4617282,http://production.kyero.s3.amazonaws.com/4617/4617282/54237713_original.jpg,True,,open plan kitchen,,,,open fireplace,pool,,,,Awaiting details,,,,,,,36.719623,-4.420023
167,4645477,3 bedroom Apartment for sale in Malaga,229000.0,,3,,,True,https://www.kyero.com/en/property/4645477,http://production.kyero.s3.amazonaws.com/4645/4645477/54704562_original.jpg,True,,,,beautiful garden,,,,,,,Awaiting details,24h security system,,,"tennis court, paddle tennis",,,36.719623,-4.420023
168,4645491,2 bedroom Apartment for sale in Malaga,120000.0,,2,,,False,https://www.kyero.com/en/property/4645491,http://production.kyero.s3.amazonaws.com/4645/4645491/54704786_original.jpg,True,,,,,various terraces,,,,,,Awaiting details,24h security system,,,tennis court,,,36.719623,-4.420023
169,3975892,3 bedroom Villa for sale in Malaga,330000.0,,3,,,False,https://www.kyero.com/en/property/3975892,http://production.kyero.s3.amazonaws.com/3975/3975892/46114429_original.jpg,True,reception with fireplace,,,,barbecue,,private pool,,,,Awaiting details,,parking,,,,refurbished,36.719623,-4.420023
170,4599025,3 bedroom Apartment for sale in Malaga,659000.0,,3,,,False,https://www.kyero.com/en/property/4599025,http://production.kyero.s3.amazonaws.com/4599/4599025/53876537_original.jpg,True,,,,,,,private pool,,,,Awaiting details,,,,,,"newly built, modern",36.719623,-4.420023
171,4645450,4 bedroom Apartment for sale in Malaga,339000.0,,4,,,False,https://www.kyero.com/en/property/4645450,http://production.kyero.s3.amazonaws.com/4645/4645450/54704180_original.jpg,True,,,,,terrace,,pool,,,,Awaiting details,,,,,,refurbished,36.719623,-4.420023
172,4645467,3 bedroom Apartment for sale in Malaga,285000.0,,3,,,False,https://www.kyero.com/en/property/4645467,http://production.kyero.s3.amazonaws.com/4645/4645467/54704434_original.jpg,True,,,,,,,,,,,Awaiting details,,,,,sea views,spacious accommodation,36.719623,-4.420023
173,4645482,3 bedroom Apartment for sale in Malaga,176000.0,,3,,,False,https://www.kyero.com/en/property/4645482,http://production.kyero.s3.amazonaws.com/4645/4645482/54704648_original.jpg,True,,,,,various terraces,,,,,,Awaiting details,,,,,sea views,"refurbished, spacious accommodation",36.719623,-4.420023
174,3269386,4 bedroom Villa for sale in Malaga,545000.0,,4,,,True,https://www.kyero.com/en/property/3269386,http://production.kyero.s3.amazonaws.com/3269/3269386/46114265_original.jpg,True,reception with fireplace,,,garden,,,private pool,,,,Awaiting details,,garage,,,,,36.719623,-4.420023
175,3269617,3 bedroom Villa for sale in Malaga,580000.0,,3,,,False,https://www.kyero.com/en/property/3269617,http://production.kyero.s3.amazonaws.com/3269/3269617/46114502_original.jpg,True,"reception with fireplace, basement",,,,,,private pool,,,,Awaiting details,24h security system,,,,sea views,good condition,36.719623,-4.420023
176,4617248,2 bedroom Apartment for sale in Malaga,132305.0,,2,,,False,https://www.kyero.com/en/property/4617248,http://production.kyero.s3.amazonaws.com/4617/4617248/54237218_original.jpg,True,,fitted kitchen,,,sunny terraces,,,,,,Awaiting details,,underground parking,,,,spacious accommodation,36.719623,-4.420023
177,4617265,4 bedroom Apartment for sale in Malaga,695000.0,,4,,,True,https://www.kyero.com/en/property/4617265,http://production.kyero.s3.amazonaws.com/4617/4617265/54237444_original.jpg,True,,,,,level plot,,private pool,,,,Awaiting details,,garage,,,,"good condition, refurbished",36.719623,-4.420023
178,4617271,3 bedroom Apartment for sale in Malaga,350000.0,,3,,,False,https://www.kyero.com/en/property/4617271,http://production.kyero.s3.amazonaws.com/4617/4617271/54237559_original.jpg,True,,,,,,open fireplace,private pool,,,,Awaiting details,,garage,,,,newly built,36.719623,-4.420023
179,4617284,2 bedroom Apartment for sale in Malaga,116000.0,,2,,,False,https://www.kyero.com/en/property/4617284,http://production.kyero.s3.amazonaws.com/4617/4617284/54237727_original.jpg,True,,,,,,,,,,,Awaiting details,,underground parking,,,,,36.719623,-4.420023
180,4617292,3 bedroom Apartment for sale in Malaga,375000.0,,3,,,False,https://www.kyero.com/en/property/4617292,http://production.kyero.s3.amazonaws.com/4617/4617292/54237818_original.jpg,True,,,,,various terraces,,communal pool,,,,Awaiting details,,parking,,,,newly built,36.719623,-4.420023
181,4308876,3 bedroom Apartment for sale in Malaga,240000.0,,3,,,True,https://www.kyero.com/en/property/4308876,http://production.kyero.s3.amazonaws.com/4308/4308876/48373672_original.jpg,True,reception with fireplace,,,,,,pool,,,,Awaiting details,,,,,,spacious accommodation,36.719623,-4.420023
182,4256813,3 bedroom Apartment for sale in Malaga,176200.0,,3,,,False,https://www.kyero.com/en/property/4256813,http://production.kyero.s3.amazonaws.com/4256/4256813/47262975_original.jpg,True,,,,,sunny terraces,,,,,,Awaiting details,,,,,,,36.719623,-4.420023
183,4426150,2 bedroom Apartment for sale in Malaga,138500.0,,2,,,False,https://www.kyero.com/en/property/4426150,http://production.kyero.s3.amazonaws.com/4426/4426150/50579611_original.jpg,True,reception with fireplace,,,,"sunny terraces, roof terrace",,,,,,Awaiting details,,,,,sea views,newly built,36.719623,-4.420023
184,4601282,2 bedroom Apartment for sale in Malaga,255000.0,,2,,,False,https://www.kyero.com/en/property/4601282,http://production.kyero.s3.amazonaws.com/4601/4601282/53931673_original.jpg,True,,,,garden,,,,,,,Awaiting details,,parking,,,sea views,refurbished,36.719623,-4.420023
185,4617257,3 bedroom Apartment for sale in Malaga,149000.0,,3,,,False,https://www.kyero.com/en/property/4617257,http://production.kyero.s3.amazonaws.com/4617/4617257/54237340_original.jpg,True,,,,community garden,,,,,,,Awaiting details,,parking,,,,,36.719623,-4.420023
186,4617289,2 bedroom Apartment for sale in Malaga,115000.0,,2,,,False,https://www.kyero.com/en/property/4617289,http://production.kyero.s3.amazonaws.com/4617/4617289/54237791_original.jpg,True,,,,beautiful garden,,,,,,,Awaiting details,,parking,,,,,36.719623,-4.420023
187,4645441,3 bedroom Apartment for sale in Malaga,245000.0,,3,,,False,https://www.kyero.com/en/property/4645441,http://production.kyero.s3.amazonaws.com/4645/4645441/54704028_original.jpg,True,,,,,,,private pool,,,,Awaiting details,24h security system,,,tennis court,,,36.719623,-4.420023
188,4645453,2 bedroom Apartment for sale in Malaga,129000.0,,2,,,False,https://www.kyero.com/en/property/4645453,http://production.kyero.s3.amazonaws.com/4645/4645453/54704247_original.jpg,True,,,,,,,,,,,Awaiting details,,underground parking,,tennis court,,,36.719623,-4.420023
189,4253753,3 bedroom Apartment for sale in Malaga,195000.0,,3,,,False,https://www.kyero.com/en/property/4253753,http://production.kyero.s3.amazonaws.com/4253/4253753/47207027_original.jpg,True,,,,,,fireplace,pool,,,,Awaiting details,,parking,,,,refurbished,36.719623,-4.420023
190,4617254,2 bedroom Apartment for sale in Malaga,255000.0,,2,,,False,https://www.kyero.com/en/property/4617254,http://production.kyero.s3.amazonaws.com/4617/4617254/54237288_original.jpg,True,,,,,,pre-installed air-conditioning,,,,,Awaiting details,,,,,,spacious accommodation,36.719623,-4.420023
191,4617270,4 bedroom Apartment for sale in Malaga,530000.0,,4,,,False,https://www.kyero.com/en/property/4617270,http://production.kyero.s3.amazonaws.com/4617/4617270/54237550_original.jpg,True,,luxury kitchen,,garden,sunny terraces,,private pool,,,,Awaiting details,,parking,,,,modern,36.719623,-4.420023
192,4617281,2 bedroom Apartment for sale in Malaga,183000.0,,2,,,False,https://www.kyero.com/en/property/4617281,http://production.kyero.s3.amazonaws.com/4617/4617281/54237700_original.jpg,True,store room,,,,terrace,,pool,,,,Awaiting details,,parking,,,,,36.719623,-4.420023
193,4645443,3 bedroom Apartment for sale in Malaga,950000.0,,3,,,False,https://www.kyero.com/en/property/4645443,http://production.kyero.s3.amazonaws.com/4645/4645443/54704072_original.jpg,True,,,,,various terraces,underfloor heating throughout,private pool,,,,Awaiting details,"alarm system, 24h security system",,,,,,36.719623,-4.420023
194,4645476,3 bedroom Apartment for sale in Malaga,209400.0,,3,,,False,https://www.kyero.com/en/property/4645476,http://production.kyero.s3.amazonaws.com/4645/4645476/54704546_original.jpg,True,reception with fireplace,,,beautiful garden,,,,,,,Awaiting details,,garage,,,,,36.719623,-4.420023
195,3269246,3 bedroom Villa for sale in Malaga,690000.0,,3,,,False,https://www.kyero.com/en/property/3269246,http://production.kyero.s3.amazonaws.com/3269/3269246/46114097_original.jpg,True,reception with fireplace,,,,,,private pool,,,,Awaiting details,,parking,,,,refurbished,36.719623,-4.420023
196,3269328,4 bedroom Villa for sale in Malaga,650000.0,,4,,,False,https://www.kyero.com/en/property/3269328,http://production.kyero.s3.amazonaws.com/3269/3269328/46114182_original.jpg,True,,,,,,,,guest apartment,,,Awaiting details,,parking,,,"mountain views, sea views",,36.719623,-4.420023
197,3975718,4 bedroom Villa for sale in Malaga,395000.0,,4,,,False,https://www.kyero.com/en/property/3975718,http://production.kyero.s3.amazonaws.com/3975/3975718/46114178_original.jpg,True,reception with fireplace,,,,,,private pool,,,,Awaiting details,,,,,golf views,,36.719623,-4.420023
198,4601354,3 bedroom Apartment for sale in Malaga,1250000.0,,3,,,False,https://www.kyero.com/en/property/4601354,http://production.kyero.s3.amazonaws.com/4601/4601354/53932781_original.jpg,True,,,,,,underfloor heating throughout,,,,,Awaiting details,"alarm system, 24h security system",underground parking,,,,,36.719623,-4.420023
199,4601360,2 bedroom Apartment for sale in Malaga,173000.0,,2,,,False,https://www.kyero.com/en/property/4601360,http://production.kyero.s3.amazonaws.com/4601/4601360/53932898_original.jpg,True,various store rooms,,,,,,pool,,,,Awaiting details,,underground parking,,,sea views,,36.719623,-4.420023
200,4601373,4 bedroom Apartment for sale in Malaga,690000.0,,4,,,False,https://www.kyero.com/en/property/4601373,http://production.kyero.s3.amazonaws.com/4601/4601373/53933131_original.jpg,True,lounge dining area,,,,,solar heating,private pool,,,,Awaiting details,,garage,,,sea views,modern,36.719623,-4.420023
201,4617249,2 bedroom Apartment for sale in Malaga,132000.0,,2,,,False,https://www.kyero.com/en/property/4617249,http://production.kyero.s3.amazonaws.com/4617/4617249/54237229_original.jpg,True,store room,,,,,,,,,,Awaiting details,,underground parking,,,,,36.719623,-4.420023
202,4645426,2 bedroom Apartment for sale in Malaga,175000.0,,2,,,False,https://www.kyero.com/en/property/4645426,http://production.kyero.s3.amazonaws.com/4645/4645426/54703716_original.jpg,True,,,,,"terrace, sunny terraces",air conditioning,pool,,,,Awaiting details,,parking,,,,,36.719623,-4.420023
203,4645428,2 bedroom Apartment for sale in Malaga,149000.0,,2,,,False,https://www.kyero.com/en/property/4645428,http://production.kyero.s3.amazonaws.com/4645/4645428/54703780_original.jpg,True,reception with fireplace,,,,various terraces,,,,,,Awaiting details,gated complex,,,close to tennis,sea views,,36.719623,-4.420023
204,4645455,4 bedroom Apartment for sale in Malaga,477000.0,,4,,,False,https://www.kyero.com/en/property/4645455,http://production.kyero.s3.amazonaws.com/4645/4645455/54704276_original.jpg,True,,,,,level plot,,,,,,Awaiting details,,parking,,,,,36.719623,-4.420023
205,4249829,2 bedroom Apartment for sale in Malaga,250000.0,,2,,,True,https://www.kyero.com/en/property/4249829,http://production.kyero.s3.amazonaws.com/4249/4249829/47147699_original.jpg,True,,,,,,,communal pool,,,,Awaiting details,24h security system,underground parking,,gymnasium,sea views,,36.719623,-4.420023
206,4260590,2 bedroom Apartment for sale in Malaga,199000.0,,2,,,False,https://www.kyero.com/en/property/4260590,http://production.kyero.s3.amazonaws.com/4260/4260590/47339240_original.jpg,True,,,,,various terraces,,,,,,Awaiting details,,,,,"mountain views, sea views",modern,36.719623,-4.420023
207,4601267,3 bedroom Apartment for sale in Malaga,695000.0,,3,,,False,https://www.kyero.com/en/property/4601267,http://production.kyero.s3.amazonaws.com/4601/4601267/53931461_original.jpg,True,,,,mature garden,roof terrace,,private pool,,,,Awaiting details,24h security system,,,,,spacious accommodation,36.719623,-4.420023
208,3975987,2 bedroom Villa for sale in Malaga,395000.0,,2,,,False,https://www.kyero.com/en/property/3975987,http://production.kyero.s3.amazonaws.com/3975/3975987/46114554_original.jpg,True,,,,,,air conditioning,,,,,Awaiting details,,parking,,,,renovated,36.719623,-4.420023
209,3976001,3 bedroom Villa for sale in Malaga,360000.0,,3,,,False,https://www.kyero.com/en/property/3976001,http://production.kyero.s3.amazonaws.com/3976/3976001/46114587_original.jpg,True,reception with fireplace,,,,level plot,,heated pool,,,,Awaiting details,,parking,,,,,36.719623,-4.420023
210,4249832,2 bedroom Apartment for sale in Malaga,225000.0,,2,,,False,https://www.kyero.com/en/property/4249832,http://production.kyero.s3.amazonaws.com/4249/4249832/47147753_original.jpg,True,reception with fireplace,,,,terrace,,,,,,Awaiting details,,,,,sea views,spacious accommodation,36.719623,-4.420023
211,4260586,2 bedroom Apartment for sale in Malaga,193900.0,,2,,,True,https://www.kyero.com/en/property/4260586,http://production.kyero.s3.amazonaws.com/4260/4260586/47339201_original.jpg,True,,,,,,open fireplace,,,,,Awaiting details,,underground parking,,,sea views,,36.719623,-4.420023
212,4426140,2 bedroom Apartment for sale in Malaga,160000.0,,2,,,False,https://www.kyero.com/en/property/4426140,http://production.kyero.s3.amazonaws.com/4426/4426140/50579436_original.jpg,True,,,,,terrace,,,,,,Awaiting details,,,,,garden & pool views,,36.719623,-4.420023
213,4601327,3 bedroom Apartment for sale in Malaga,280000.0,,3,,,False,https://www.kyero.com/en/property/4601327,http://production.kyero.s3.amazonaws.com/4601/4601327/53932373_original.jpg,True,reception with fireplace,,,,terrace,,,,,,Awaiting details,,,,,,,36.719623,-4.420023
214,4645427,2 bedroom Apartment for sale in Malaga,120000.0,,2,,,False,https://www.kyero.com/en/property/4645427,http://production.kyero.s3.amazonaws.com/4645/4645427/54703770_original.jpg,True,,,,,sunny terraces,,,,,,Awaiting details,,underground parking,,,,,36.719623,-4.420023
215,4645429,3 bedroom Apartment for sale in Malaga,240000.0,,3,,,False,https://www.kyero.com/en/property/4645429,http://production.kyero.s3.amazonaws.com/4645/4645429/54703792_original.jpg,True,,,,,terrace,,,,,,Awaiting details,,,,,,spacious accommodation,36.719623,-4.420023
216,4645457,2 bedroom Apartment for sale in Malaga,108000.0,,2,,,False,https://www.kyero.com/en/property/4645457,http://production.kyero.s3.amazonaws.com/4645/4645457/54704311_original.jpg,True,store room,,,,,air conditioning,,,,,Awaiting details,,underground parking,,,sea views,,36.719623,-4.420023
217,3975678,4 bedroom Villa for sale in Malaga,385000.0,,4,,,False,https://www.kyero.com/en/property/3975678,http://production.kyero.s3.amazonaws.com/3975/3975678/45296115_original.jpg,True,,,,large garden,,,private pool,,,,Awaiting details,,,,,,,36.719623,-4.420023
218,4284843,3 bedroom Apartment for sale in Malaga,380000.0,,3,,,False,https://www.kyero.com/en/property/4284843,http://production.kyero.s3.amazonaws.com/4284/4284843/47807885_original.jpg,True,,fitted kitchen,,beautiful garden,,air conditioning,pool,,,,Awaiting details,gated complex,underground parking,,,,newly built,36.719623,-4.420023
219,4617242,2 bedroom Apartment for sale in Malaga,130000.0,,2,,,False,https://www.kyero.com/en/property/4617242,http://production.kyero.s3.amazonaws.com/4617/4617242/54237130_original.jpg,True,,,,garden,,,,,,,Awaiting details,gated complex,,,,,,36.719623,-4.420023
220,4617297,3 bedroom Apartment for sale in Malaga,220000.0,,3,,,False,https://www.kyero.com/en/property/4617297,http://production.kyero.s3.amazonaws.com/4617/4617297/54237872_original.jpg,True,,,,,terrace,,,,,,Awaiting details,,underground parking,,,sea views,modern,36.719623,-4.420023
221,3269414,3 bedroom Villa for sale in Malaga,480000.0,,3,,,False,https://www.kyero.com/en/property/3269414,http://production.kyero.s3.amazonaws.com/3269/3269414/46114296_original.jpg,True,reception with fireplace,,,,,,,,,,Awaiting details,,parking,,,,,36.719623,-4.420023
222,3269442,3 bedroom Villa for sale in Malaga,599000.0,,3,,,False,https://www.kyero.com/en/property/3269442,http://production.kyero.s3.amazonaws.com/3269/3269442/46114330_original.jpg,True,,,,,level plot,,,,,,Awaiting details,,,,,sea views,,36.719623,-4.420023
223,4264531,2 bedroom Apartment for sale in Malaga,218000.0,,2,,,False,https://www.kyero.com/en/property/4264531,http://production.kyero.s3.amazonaws.com/4264/4264531/47450777_original.jpg,True,,fitted kitchen,,,,,,,,,Awaiting details,,,,gymnasium,,modern,36.719623,-4.420023
224,3976004,2 bedroom Apartment for sale in Malaga,300000.0,,2,,,False,https://www.kyero.com/en/property/3976004,http://production.kyero.s3.amazonaws.com/3976/3976004/46114642_original.jpg,True,,,jacuzzi,,various terraces,,"pool, heated pool",,,,Awaiting details,24h security system,underground parking,,,,,36.719623,-4.420023
225,4601313,2 bedroom Apartment for sale in Malaga,178200.0,,2,,,False,https://www.kyero.com/en/property/4601313,http://production.kyero.s3.amazonaws.com/4601/4601313/53932139_original.jpg,True,various store rooms,,,,,,,,,,Awaiting details,,underground parking,,,,modern,36.719623,-4.420023
226,4601318,2 bedroom Apartment for sale in Malaga,270000.0,,2,,,False,https://www.kyero.com/en/property/4601318,http://production.kyero.s3.amazonaws.com/4601/4601318/53932203_original.jpg,True,,,,,roof terrace,,pool,,,,Awaiting details,,,,,,modern,36.719623,-4.420023
227,4617239,4 bedroom Apartment for sale in Malaga,579000.0,,4,,,False,https://www.kyero.com/en/property/4617239,http://production.kyero.s3.amazonaws.com/4617/4617239/54237092_original.jpg,True,,,,,level plot,floor heating,private pool,,,,Awaiting details,,,,,mountain views,,36.719623,-4.420023
228,4617256,4 bedroom Apartment for sale in Malaga,995000.0,,4,,,False,https://www.kyero.com/en/property/4617256,http://production.kyero.s3.amazonaws.com/4617/4617256/54237325_original.jpg,True,,,,garden,,,,,,,Awaiting details,,,,,,newly built,36.719623,-4.420023
229,4617268,2 bedroom Apartment for sale in Malaga,119900.0,,2,,,False,https://www.kyero.com/en/property/4617268,http://production.kyero.s3.amazonaws.com/4617/4617268/54237507_original.jpg,True,"reception with fireplace, store room",,,,various terraces,,,,,,Awaiting details,,underground parking,,,,spacious accommodation,36.719623,-4.420023
230,4617280,2 bedroom Apartment for sale in Malaga,129000.0,,2,,,False,https://www.kyero.com/en/property/4617280,http://production.kyero.s3.amazonaws.com/4617/4617280/54237685_original.jpg,True,reception with fireplace,,,,,,private pool,,,,Awaiting details,,,,,sea views,,36.719623,-4.420023
231,4617288,2 bedroom Apartment for sale in Malaga,225000.0,,2,,,False,https://www.kyero.com/en/property/4617288,http://production.kyero.s3.amazonaws.com/4617/4617288/54237776_original.jpg,True,,,,,terrace,,,,,,Awaiting details,gated complex,garage,,,,,36.719623,-4.420023
232,4617295,3 bedroom Apartment for sale in Malaga,369000.0,,3,,,True,https://www.kyero.com/en/property/4617295,http://production.kyero.s3.amazonaws.com/4617/4617295/54237844_original.jpg,True,,,,garden,sunny terraces,,,,,,Awaiting details,,parking,,,,,36.719623,-4.420023
233,3269454,4 bedroom Villa for sale in Malaga,599000.0,,4,,,False,https://www.kyero.com/en/property/3269454,http://production.kyero.s3.amazonaws.com/3269/3269454/46114337_original.jpg,True,,,,,,,,,,,Awaiting details,,parking,,,,,36.719623,-4.420023
234,4249815,2 bedroom Apartment for sale in Malaga,215000.0,,2,,,True,https://www.kyero.com/en/property/4249815,http://production.kyero.s3.amazonaws.com/4249/4249815/47147481_original.jpg,True,,,,,,,private pool,,,,Awaiting details,,underground parking,,,,,36.719623,-4.420023
235,3975925,2 bedroom Villa for sale in Malaga,290000.0,,2,,,False,https://www.kyero.com/en/property/3975925,http://production.kyero.s3.amazonaws.com/3975/3975925/46114462_original.jpg,True,,,,garden,roof terrace,,private pool,,,,Awaiting details,,garage,,,,,36.719623,-4.420023
236,4260595,2 bedroom Apartment for sale in Malaga,190000.0,,2,,,False,https://www.kyero.com/en/property/4260595,http://production.kyero.s3.amazonaws.com/4260/4260595/54363019_original.jpg,True,,,,beautiful garden,various terraces,,,,,,Awaiting details,gated complex,,,,,,36.719623,-4.420023
237,4378246,2 bedroom Apartment for sale in Malaga,249000.0,,2,,,False,https://www.kyero.com/en/property/4378246,http://production.kyero.s3.amazonaws.com/4378/4378246/49520997_original.jpg,True,,,,,,,,,,,Awaiting details,gated complex,underground parking,,,,modern,36.719623,-4.420023
238,3269555,3 bedroom Villa for sale in Malaga,597000.0,,3,,,False,https://www.kyero.com/en/property/3269555,http://production.kyero.s3.amazonaws.com/3269/3269555/46114457_original.jpg,True,,,,garden,"sunny terraces, level plot",open fireplace,private pool,,,,Awaiting details,,,,,,,36.719623,-4.420023
239,4249814,2 bedroom Apartment for sale in Malaga,238000.0,,2,,,True,https://www.kyero.com/en/property/4249814,http://production.kyero.s3.amazonaws.com/4249/4249814/47147466_original.jpg,True,,,,beautiful garden,,,,,,,Awaiting details,,parking,,,sea views,,36.719623,-4.420023
240,3975943,3 bedroom Villa for sale in Malaga,397000.0,,3,,,True,https://www.kyero.com/en/property/3975943,http://production.kyero.s3.amazonaws.com/3975/3975943/46114483_original.jpg,True,,,,,,gas central heating,private pool,,,,Awaiting details,,garage,,,,,36.719623,-4.420023
241,4256815,2 bedroom Apartment for sale in Malaga,174500.0,,2,,,False,https://www.kyero.com/en/property/4256815,http://production.kyero.s3.amazonaws.com/4256/4256815/47263002_original.jpg,True,reception with fireplace,,,,various terraces,,,,,,Awaiting details,24h security system,,,,,modern,36.719623,-4.420023
242,4256816,3 bedroom Apartment for sale in Malaga,225000.0,,3,,,False,https://www.kyero.com/en/property/4256816,http://production.kyero.s3.amazonaws.com/4256/4256816/47263015_original.jpg,True,,,,,various terraces,,,,,,Awaiting details,,underground parking,,,mountain views,spacious accommodation,36.719623,-4.420023
243,4601275,3 bedroom Apartment for sale in Malaga,189700.0,,3,,,False,https://www.kyero.com/en/property/4601275,http://production.kyero.s3.amazonaws.com/4601/4601275/53931598_original.jpg,True,,,,,,pre-installed air-conditioning,communal pool,,,,Awaiting details,,underground parking,,,,,36.719623,-4.420023
244,4617258,2 bedroom Apartment for sale in Malaga,229000.0,,2,,,False,https://www.kyero.com/en/property/4617258,http://production.kyero.s3.amazonaws.com/4617/4617258/54237360_original.jpg,True,,,,large garden,,,"space for pool, communal pool",,,,Awaiting details,,garage,,,,,36.719623,-4.420023
245,4617304,4 bedroom Apartment for sale in Malaga,589000.0,,4,,,False,https://www.kyero.com/en/property/4617304,http://production.kyero.s3.amazonaws.com/4617/4617304/54237933_original.jpg,True,,,,,,,private pool,possibility to build,,,Awaiting details,,,,,,"newly built, modern",36.719623,-4.420023
246,4645432,4 bedroom Apartment for sale in Malaga,265000.0,,4,,,False,https://www.kyero.com/en/property/4645432,http://production.kyero.s3.amazonaws.com/4645/4645432/54703851_original.jpg,True,reception with fireplace,,,,covered terrace,underfloor heating throughout,,,,,Awaiting details,,,,,,,36.719623,-4.420023
247,4617243,2 bedroom Apartment for sale in Malaga,188000.0,,2,,,False,https://www.kyero.com/en/property/4617243,http://production.kyero.s3.amazonaws.com/4617/4617243/54237141_original.jpg,True,reception with fireplace,,,,sunny terraces,,communal pool,,,,Awaiting details,,,,,sea views,spacious accommodation,36.719623,-4.420023
248,4617252,4 bedroom Apartment for sale in Malaga,480000.0,,4,,,False,https://www.kyero.com/en/property/4617252,http://production.kyero.s3.amazonaws.com/4617/4617252/54237270_original.jpg,True,,,,,roof terrace,open fireplace,private pool,,,,Awaiting details,,parking,,,,,36.719623,-4.420023
249,4617283,2 bedroom Apartment for sale in Malaga,385000.0,,2,,,False,https://www.kyero.com/en/property/4617283,http://production.kyero.s3.amazonaws.com/4617/4617283/54237721_original.jpg,True,,,,garden,,underfloor heating throughout,,,,,Awaiting details,,,,,sea views,newly built,36.719623,-4.420023
250,4617302,3 bedroom Apartment for sale in Malaga,122000.0,,3,,,True,https://www.kyero.com/en/property/4617302,http://production.kyero.s3.amazonaws.com/4617/4617302/54237921_original.jpg,True,,,,,,air conditioning,,,,,Awaiting details,,parking,,,,,36.719623,-4.420023
251,4249805,2 bedroom Villa for sale in Malaga,249000.0,,2,,,False,https://www.kyero.com/en/property/4249805,http://production.kyero.s3.amazonaws.com/4249/4249805/47147328_original.jpg,True,reception with fireplace,,,,terrace,,,,,,Awaiting details,,,,,,,36.719623,-4.420023
252,4260580,3 bedroom Apartment for sale in Malaga,225000.0,,3,,,False,https://www.kyero.com/en/property/4260580,http://production.kyero.s3.amazonaws.com/4260/4260580/62372611_original.jpg,True,,,,community garden,,,,,,,Awaiting details,,parking,,,,,36.719623,-4.420023
253,4601310,2 bedroom Apartment for sale in Malaga,249000.0,,2,,,False,https://www.kyero.com/en/property/4601310,http://production.kyero.s3.amazonaws.com/4601/4601310/53932083_original.jpg,True,reception with fireplace,fitted kitchen,,,terrace,air conditioning,communal pool,,,,Awaiting details,,,,,,rustic style,36.719623,-4.420023
254,4645446,2 bedroom Apartment for sale in Malaga,210000.0,,2,,,False,https://www.kyero.com/en/property/4645446,http://production.kyero.s3.amazonaws.com/4645/4645446/54704107_original.jpg,True,reception with fireplace,,,,,,,,,,Awaiting details,,parking,,,,,36.719623,-4.420023
255,4645464,3 bedroom Apartment for sale in Malaga,295000.0,,3,,,True,https://www.kyero.com/en/property/4645464,http://production.kyero.s3.amazonaws.com/4645/4645464/54704393_original.jpg,True,,,,,various terraces,,,,,,Awaiting details,24h security system,,,,sea views,,36.719623,-4.420023
256,4645469,2 bedroom Apartment for sale in Malaga,189500.0,,2,,,False,https://www.kyero.com/en/property/4645469,http://production.kyero.s3.amazonaws.com/4645/4645469/54704459_original.jpg,True,,,,,various terraces,,,,,,Awaiting details,,garage,,,,,36.719623,-4.420023
257,4645478,3 bedroom Apartment for sale in Malaga,127500.0,,3,,,False,https://www.kyero.com/en/property/4645478,http://production.kyero.s3.amazonaws.com/4645/4645478/54704575_original.jpg,True,,,,,,,communal pool,,,,Awaiting details,,parking,,,,,36.719623,-4.420023
258,4645487,2 bedroom Apartment for sale in Malaga,500000.0,,2,,,False,https://www.kyero.com/en/property/4645487,http://production.kyero.s3.amazonaws.com/4645/4645487/54704723_original.jpg,True,,,,,various terraces,,,,,,Awaiting details,24h security system,,,,sea views,,36.719623,-4.420023
259,4249828,2 bedroom Apartment for sale in Malaga,226500.0,,2,,,False,https://www.kyero.com/en/property/4249828,http://production.kyero.s3.amazonaws.com/4249/4249828/47147686_original.jpg,True,,,,,terrace,,,,,,Awaiting details,,,,,,,36.719623,-4.420023
260,4249812,3 bedroom Apartment for sale in Malaga,235000.0,,3,,,False,https://www.kyero.com/en/property/4249812,http://production.kyero.s3.amazonaws.com/4249/4249812/47147435_original.jpg,True,reception with fireplace,,,,various terraces,,,,,,Awaiting details,,,,,,,36.719623,-4.420023
261,4249841,3 bedroom Apartment for sale in Malaga,220000.0,,3,,,False,https://www.kyero.com/en/property/4249841,http://production.kyero.s3.amazonaws.com/4249/4249841/47147942_original.jpg,True,,,,,,,,,,,Awaiting details,gated complex,,,,,spacious accommodation,36.719623,-4.420023
262,4249808,3 bedroom Apartment for sale in Malaga,270000.0,,3,,,False,https://www.kyero.com/en/property/4249808,http://production.kyero.s3.amazonaws.com/4249/4249808/54528713_original.jpg,True,,,,,,,,,,,Awaiting details,,,,,,,36.719623,-4.420023
263,4426175,2 bedroom Apartment for sale in Malaga,160000.0,,2,,,False,https://www.kyero.com/en/property/4426175,http://production.kyero.s3.amazonaws.com/4426/4426175/50580011_original.jpg,True,,,,,,,,,,,Awaiting details,,,,,sea views,,36.719623,-4.420023
264,4253750,2 bedroom Apartment for sale in Malaga,189000.0,,2,,,False,https://www.kyero.com/en/property/4253750,http://production.kyero.s3.amazonaws.com/4253/4253750/47206981_original.jpg,True,reception with fireplace,,,,terrace,,,,,,Awaiting details,,,,,,,36.719623,-4.420023
265,4645447,2 bedroom Apartment for sale in Malaga,175000.0,,2,,,False,https://www.kyero.com/en/property/4645447,http://production.kyero.s3.amazonaws.com/4645/4645447/54704130_original.jpg,True,reception with fireplace,,,,,,,,,,Awaiting details,24h security system,underground parking,,,garden & pool views,,36.719623,-4.420023
266,4645466,2 bedroom Apartment for sale in Malaga,165000.0,,2,,,False,https://www.kyero.com/en/property/4645466,http://production.kyero.s3.amazonaws.com/4645/4645466/54704427_original.jpg,True,,,,,sunny terraces,,,,,,Awaiting details,24h security system,underground parking,,,,,36.719623,-4.420023
267,4617244,2 bedroom Apartment for sale in Malaga,199000.0,,2,,,False,https://www.kyero.com/en/property/4617244,http://production.kyero.s3.amazonaws.com/4617/4617244/54237159_original.jpg,True,,,,,,,,,,,Awaiting details,,,,,,"spacious accommodation, part renovated",36.719623,-4.420023
268,4617287,3 bedroom Apartment for sale in Malaga,595000.0,,3,,,False,https://www.kyero.com/en/property/4617287,http://production.kyero.s3.amazonaws.com/4617/4617287/54237769_original.jpg,True,,,,,various terraces,,private pool,,,,Awaiting details,,,,,,modern,36.719623,-4.420023
269,4249823,3 bedroom Apartment for sale in Malaga,199000.0,,3,,,False,https://www.kyero.com/en/property/4249823,http://production.kyero.s3.amazonaws.com/4249/4249823/47147616_original.jpg,True,,,,garden,,,,,,,Awaiting details,gated complex,,,,,good condition,36.719623,-4.420023
270,4260576,3 bedroom Apartment for sale in Malaga,169000.0,,3,,,False,https://www.kyero.com/en/property/4260576,http://production.kyero.s3.amazonaws.com/4260/4260576/47339066_original.jpg,True,"reception with fireplace, store room",,,,,,,,,,Awaiting details,,,,,,modern,36.719623,-4.420023
271,4645445,2 bedroom Apartment for sale in Malaga,142000.0,,2,,,False,https://www.kyero.com/en/property/4645445,http://production.kyero.s3.amazonaws.com/4645/4645445/54704099_original.jpg,True,various store rooms,,,,,,private pool,,,,Awaiting details,,parking,,,,,36.719623,-4.420023
272,4645473,4 bedroom Apartment for sale in Malaga,795000.0,,4,,,False,https://www.kyero.com/en/property/4645473,http://production.kyero.s3.amazonaws.com/4645/4645473/54704505_original.jpg,True,,,,,,,private pool,,,,Awaiting details,,double garage,,,,newly built,36.719623,-4.420023
273,4617250,2 bedroom Apartment for sale in Malaga,125000.0,,2,,,False,https://www.kyero.com/en/property/4617250,http://production.kyero.s3.amazonaws.com/4617/4617250/54237240_original.jpg,True,,,,,terrace,,,,,,Awaiting details,gated complex,underground parking,,,,good condition,36.719623,-4.420023
274,3975929,2 bedroom Apartment for sale in Malaga,310000.0,,2,,,False,https://www.kyero.com/en/property/3975929,http://production.kyero.s3.amazonaws.com/3975/3975929/46114466_original.jpg,True,,,,,terrace,,,,,,Awaiting details,,,,tennis court,,,36.719623,-4.420023
275,4426155,4 bedroom Apartment for sale in Malaga,150000.0,,4,,,False,https://www.kyero.com/en/property/4426155,http://production.kyero.s3.amazonaws.com/4426/4426155/50579719_original.jpg,True,,,,,,,,,,,Awaiting details,,,,,sea views,,36.719623,-4.420023
276,4645454,2 bedroom Apartment for sale in Malaga,146900.0,,2,,,False,https://www.kyero.com/en/property/4645454,http://production.kyero.s3.amazonaws.com/4645/4645454/54704270_original.jpg,True,,,,mature garden,terrace,,,,,,Awaiting details,gated complex,,,,sea views,,36.719623,-4.420023
277,3269701,4 bedroom Villa for sale in Malaga,495000.0,,4,,,False,https://www.kyero.com/en/property/3269701,http://production.kyero.s3.amazonaws.com/3269/3269701/46114651_original.jpg,True,,,,,level plot,,,,,,Awaiting details,,parking,,,,,36.719623,-4.420023
278,4249820,3 bedroom Apartment for sale in Malaga,215000.0,,3,,,False,https://www.kyero.com/en/property/4249820,http://production.kyero.s3.amazonaws.com/4249/4249820/47147585_original.jpg,True,,,,garden,,,communal pool,,,,Awaiting details,gated complex,,,,,,36.719623,-4.420023
279,4645424,2 bedroom Apartment for sale in Malaga,139000.0,,2,,,True,https://www.kyero.com/en/property/4645424,http://production.kyero.s3.amazonaws.com/4645/4645424/54703702_original.jpg,True,,,,,sunny terraces,,,,,,Awaiting details,,underground parking,,tennis court,,,36.719623,-4.420023
280,4645424,2 bedroom Apartment for sale in Malaga,139000.0,,2,,,True,https://www.kyero.com/en/property/4645424,http://production.kyero.s3.amazonaws.com/4645/4645424/54703702_original.jpg,True,,,,,sunny terraces,,,,,,Awaiting details,,underground parking,,tennis court,,,36.719623,-4.420023
281,4645460,2 bedroom Apartment for sale in Malaga,183000.0,,2,,,False,https://www.kyero.com/en/property/4645460,http://production.kyero.s3.amazonaws.com/4645/4645460/54704346_original.jpg,True,,,,,terrace,,communal pool,,,,Awaiting details,24h security system,underground parking,,paddle tennis,,,36.719623,-4.420023
282,4645470,2 bedroom Apartment for sale in Malaga,145000.0,,2,,,False,https://www.kyero.com/en/property/4645470,http://production.kyero.s3.amazonaws.com/4645/4645470/54704475_original.jpg,True,,,,,terrace,,,,,,Awaiting details,,underground parking,,,sea views,,36.719623,-4.420023
283,4426157,2 bedroom Apartment for sale in Malaga,150000.0,,2,,,True,https://www.kyero.com/en/property/4426157,http://production.kyero.s3.amazonaws.com/4426/4426157/50579738_original.jpg,True,,,,,,,,,,,Awaiting details,,,,,,,36.719623,-4.420023
284,4426197,2 bedroom Apartment for sale in Malaga,139000.0,,2,,,False,https://www.kyero.com/en/property/4426197,http://production.kyero.s3.amazonaws.com/4426/4426197/50580386_original.jpg,True,,,,garden,,fireplace,,,,,Awaiting details,,,,,,"good condition, spacious accommodation",36.719623,-4.420023
285,4601365,10 bedroom Apartment for sale in Malaga,25500000.0,,10,,,False,https://www.kyero.com/en/property/4601365,http://production.kyero.s3.amazonaws.com/4601/4601365/53932976_original.jpg,True,,,,,level plot,,,,,,Awaiting details,,,,,,spacious accommodation,36.719623,-4.420023
286,4617238,3 bedroom Apartment for sale in Malaga,139000.0,,3,,,False,https://www.kyero.com/en/property/4617238,http://production.kyero.s3.amazonaws.com/4617/4617238/54237087_original.jpg,True,,,,,,,,,,,Awaiting details,,,,,sea views,,36.719623,-4.420023
287,5308365,1 bedroom Apartment for sale in Malaga,266000.0,4222.222222222223,1,1,63,False,https://www.kyero.com/en/property/5308365,http://production.kyero.s3.amazonaws.com/5308/5308365/69013942_original.jpg,True,store room,fitted kitchen,,community garden,terrace,air conditioning,,,,"electricity, water",Awaiting details,,underground parking,,,,"immaculate condition, newly built, new development",36.719623,-4.420023
288,5205537,4 bedroom Villa for sale in Malaga,1075000.0,2590.3614457831327,4,4,415,True,https://www.kyero.com/en/property/5205537,http://production.kyero.s3.amazonaws.com/5205/5205537/68504302_original.jpg,True,store room,fitted kitchen,,beautiful garden,"terrace, covered terrace",air conditioning,private pool,,,,Awaiting details,,garage,,,sea views,"immaculate condition, newly built, new development",36.719623,-4.420023
289,5161032,2 bedroom Apartment for sale in Malaga,169500.0,1614.2857142857142,2,2,105,False,https://www.kyero.com/en/property/5161032,http://production.kyero.s3.amazonaws.com/5161/5161032/64977409_original.jpg,True,,,,,terrace,air conditioning,,,,,Awaiting details,,,,,,,36.725891800599,-4.435408115387
290,5343621,8 bedroom Land for sale in Malaga,735000.0,1105.2631578947369,8,8,665,False,https://www.kyero.com/en/property/5343621,http://production.kyero.s3.amazonaws.com/5343/5343621/ggknkxp2b2w_3.jpg,True,,,,,,,,,,,Awaiting details,,,,,,,36.719623,-4.420023
291,5334756,2 bedroom Apartment for sale in Malaga,450000.0,5056.179775280899,2,1,89,False,https://www.kyero.com/en/property/5334756,http://production.kyero.s3.amazonaws.com/5334/5334756/68213788_original.jpg,True,,,,,,air conditioning,,,,,Awaiting details,,,,,,,36.719205615175,-4.4233502447605
292,5338922,2 bedroom Apartment for sale in Malaga,175000.0,,2,2,,False,https://www.kyero.com/en/property/5338922,http://production.kyero.s3.amazonaws.com/5338/5338922/q7qajibtnoe_DORMITORIO%20ALTA%20V1.jpg,True,,,,,,,,,,,Awaiting details,,,,,,,36.719623,-4.420023
293,4886283,2 bedroom Apartment for sale in Malaga,745000.0,4966.666666666667,2,2,150,False,https://www.kyero.com/en/property/4886283,http://production.kyero.s3.amazonaws.com/4886/4886283/62222891_original.jpg,True,store room,,,community garden,terrace,"air conditioning, heating",,,,,Awaiting details,,"garage, parking",,,,,36.721239481085,-4.4027924537659
294,4647774,2 bedroom Apartment for sale in Malaga,238500.0,3909.8360655737706,2,1,61,True,https://www.kyero.com/en/property/4647774,http://production.kyero.s3.amazonaws.com/4647/4647774/54758625_original.jpg,True,store room,fitted kitchen,,,covered terrace,air conditioning,"pool, communal pool",,,,Awaiting details,electronic entry system,underground parking,,,,,36.719623,-4.420023
295,4250749,2 bedroom Apartment for sale in Malaga,270000.0,4153.846153846154,2,1,65,False,https://www.kyero.com/en/property/4250749,http://production.kyero.s3.amazonaws.com/4250/4250749/62638150_original.jpg,True,,,,,,"air conditioning, heating",,,,,Awaiting details,,,,,,,36.723604373726,-4.4212460517883
296,4250750,3 bedroom Apartment for sale in Malaga,353000.0,4057.4712643678163,3,2,87,False,https://www.kyero.com/en/property/4250750,http://production.kyero.s3.amazonaws.com/4250/4250750/66966755_original.jpg,True,,,,,,"air conditioning, heating",,,,,Awaiting details,,,,,,,36.723604373726,-4.4212460517883
297,4547280,3 bedroom Apartment for sale in Malaga,746750.0,4553.3536585365855,3,3,164,False,https://www.kyero.com/en/property/4547280,http://production.kyero.s3.amazonaws.com/4547/4547280/62223687_original.jpg,True,,fitted kitchen,,,,air conditioning,,,,,Awaiting details,,,,,,part renovated,36.721050286528,-4.4189366698265
298,5007139,4 bedroom Town house for sale in Malaga,690000.0,3415.841584158416,4,3,202,True,https://www.kyero.com/en/property/5007139,http://production.kyero.s3.amazonaws.com/5007/5007139/61299591_original.jpg,True,"store room, basement",fitted kitchen,,,"terrace, roof terrace","air conditioning, heating",,,,gas water heating,Awaiting details,,garage,,,,,36.719623,-4.420023
299,3962004,4 bedroom Villa for sale in Malaga,1175000.0,2845.036319612591,4,3,413,True,https://www.kyero.com/en/property/3962004,http://production.kyero.s3.amazonaws.com/3962/3962004/62051080_original.jpg,True,"store room, basement",,,garden,"terrace, roof terrace",air conditioning,,,,,Awaiting details,,garage,,,sea views,,36.737336510906,-4.3960976600647
300,4293885,2 bedroom Apartment for sale in Malaga,309000.0,3551.7241379310344,2,1,87,True,https://www.kyero.com/en/property/4293885,http://production.kyero.s3.amazonaws.com/4293/4293885/61893187_original.jpg,True,store room,fitted kitchen,,,"terrace, roof terrace",air conditioning,,,,,Awaiting details,,garage,,,,,36.712690861887,-4.4272810220718
301,4985923,2 bedroom Apartment for sale in Malaga,415000.0,4611.111111111111,2,2,90,False,https://www.kyero.com/en/property/4985923,http://production.kyero.s3.amazonaws.com/4985/4985923/62638124_original.jpg,True,,fitted kitchen,,,,air conditioning,,,,,Awaiting details,,,,,,part renovated,36.722211245783,-4.4226783514023
302,4283429,3 bedroom Apartment for sale in Malaga,179500.0,1560.8695652173913,3,2,115,True,https://www.kyero.com/en/property/4283429,http://production.kyero.s3.amazonaws.com/4283/4283429/67059314_original.jpg,True,store room,,,,"terrace, roof terrace","air conditioning, heating",,,,,Awaiting details,,garage,,,,,36.754341351011,-4.4208866357803
303,4604234,5 bedroom Villa for sale in Malaga,1250000.0,1937.984496124031,5,3,645,True,https://www.kyero.com/en/property/4604234,http://production.kyero.s3.amazonaws.com/4604/4604234/65853807_original.jpg,True,"store room, basement",fitted kitchen,,garden,terrace,air conditioning,,,,electric water heating,Awaiting details,,"garage, parking","1,100 m²",,sea views,,36.733450143931,-4.3584233522415
304,5368532,0 bedroom Commercial property for sale in Malaga,303000.0,2779.816513761468,109 m²</span,,109,False,https://www.kyero.com/en/property/5368532,http://production.kyero.s3.amazonaws.com/5368/5368532/69105051_original.jpg,True,,,,,,,,,,,Awaiting details,,,,,,,36.719623,-4.420023
305,4629247,2 bedroom Penthouse for sale in Malaga,850000.0,4497.354497354498,2,2,189,False,https://www.kyero.com/en/property/4629247,http://production.kyero.s3.amazonaws.com/4629/4629247/62223944_original.jpg,True,,fitted kitchen,,,terrace,air conditioning,,,,,Awaiting details,,"garage, parking",,,,,36.720628217697,-4.4184716045129
306,5368533,0 bedroom Commercial property for sale in Malaga,448000.0,2650.887573964497,169 m²</span,,169,False,https://www.kyero.com/en/property/5368533,http://production.kyero.s3.amazonaws.com/5368/5368533/69105062_original.jpg,True,,,,,,,,,,,Awaiting details,,,,,,,36.719623,-4.420023
307,4647773,3 bedroom Apartment for sale in Malaga,334500.0,3126.1682242990655,3,2,107,True,https://www.kyero.com/en/property/4647773,http://production.kyero.s3.amazonaws.com/4647/4647773/54758617_original.jpg,True,store room,fitted kitchen,,,covered terrace,air conditioning,"pool, communal pool",,,,Awaiting details,electronic entry system,underground parking,,,,,36.719623,-4.420023
308,5185664,2 bedroom Apartment for sale in Malaga,415000.0,4662.921348314607,2,2,89,False,https://www.kyero.com/en/property/5185664,http://production.kyero.s3.amazonaws.com/5185/5185664/t6mbamvlfya_6c7a8-91495-fa8e6-7217a-77000-8f14d-d1745-cd5ed.jpg,True,,,,,,,,,,,Awaiting details,,,,,,,36.719623,-4.420023
309,3373547,3 bedroom Penthouse for sale in Malaga,1150000.0,3276.353276353276,3,3,351,False,https://www.kyero.com/en/property/3373547,http://production.kyero.s3.amazonaws.com/3373/3373547/62223934_original.jpg,True,,fitted kitchen,,community garden,"terrace, roof terrace","air conditioning, heating",,,,,Awaiting details,,garage,,,,,36.720734244581,-4.418932646513
310,3989956,3 bedroom Apartment for sale in Malaga,1450000.0,7512.953367875648,3,3,193,False,https://www.kyero.com/en/property/3989956,http://production.kyero.s3.amazonaws.com/3989/3989956/64918346_original.jpg,True,,fitted kitchen,,community garden,,air conditioning,,,,electric water heating,Awaiting details,,garage,,,,,36.719623,-4.420023
311,5185896,3 bedroom Apartment for sale in Malaga,1090000.0,6055.555555555556,3,3,180,False,https://www.kyero.com/en/property/5185896,http://production.kyero.s3.amazonaws.com/5185/5185896/69p2v5w5vp6_b0e0c-5a257-79c5b-1258d-83d1a-78809-79c2d-589ce.jpg,True,,,,,,,,,,,Awaiting details,,,,,,,36.719623,-4.420023
312,3373700,4 bedroom Apartment for sale in Malaga,438000.0,2920.0,4,2,150,False,https://www.kyero.com/en/property/3373700,http://production.kyero.s3.amazonaws.com/3373/3373700/62222862_original.jpg,True,,,,,,air conditioning,,,,,Awaiting details,,garage,,,,,36.715049567389,-4.4303078949451
313,4249806,0 bedroom Apartment for sale in Malaga,199000.0,,</span,,,False,https://www.kyero.com/en/property/4249806,http://production.kyero.s3.amazonaws.com/4249/4249806/52727753_original.jpg,True,,open plan kitchen,jacuzzi,,"sunny terraces, trees",,,,,,Awaiting details,,underground parking,,,,quality residence,36.719623,-4.420023
314,5158799,0 bedroom Garage for sale in Malaga,14000.0,1076.923076923077,13 m²</span,,13,False,https://www.kyero.com/en/property/5158799,http://production.kyero.s3.amazonaws.com/5158/5158799/65196327_original.jpg,True,,,,,,,,,,,Awaiting details,,,,,,,36.712622056263,-4.438653588295
315,4387321,0 bedroom Commercial property for sale in Malaga,185000.0,,1</span,,,False,https://www.kyero.com/en/property/4387321,http://production.kyero.s3.amazonaws.com/4387/4387321/49727949_original.jpg,True,,,,,,,,,,,Awaiting details,,,,,,,36.719623,-4.420023
